"Geolocation","Commodity Description","2023 Jan","2023 Feb","2023 Mar","2023 Apr","2023 May","2023 Jun","2023 Jul","2023 Aug","2023 Sep","2023 Oct","2023 Nov","2023 Dec","2023 Ave"
"..Region VII (Central Visayas)","0 - ALL ITEMS",7.2,7.4,6.6,5.5,5.4,5.0,4.1,4.1,3.8,4.1,3.8,3.9,5.1
"..Region VII (Central Visayas)","01 - FOOD AND NON-ALCOHOLIC BEVERAGES",7.4,8.8,8.2,7.1,6.5,6.5,5.4,4.6,6.6,5.3,5.3,5.5,6.4
"..Region VII (Central Visayas)","01.1 - FOOD",7.5,9.0,8.2,6.9,6.5,6.3,5.2,4.3,6.6,5.4,5.4,5.6,6.4
"..Region VII (Central Visayas)","01.1.1 - Cereals and cereal products (ND)",5.7,3.7,3.7,3.7,3.3,3.4,4.8,2.0,7.7,4.2,5.2,7.4,4.6
"..Region VII (Central Visayas)","01.1.1.1 - Cereals (ND)",4.6,1.8,1.9,1.8,1.1,1.1,3.1,-0.2,7.4,2.9,4.4,7.3,3.1
"..Region VII (Central Visayas)","01.1.1.12 - Rice",0.8,0.1,1.2,3.4,3.6,3.8,4.1,7.4,14.7,11.7,15.2,18.0,7.0
"..Region VII (Central Visayas)","01.1.1.16 - Corn",14.3,5.8,3.3,-1.9,-4.5,-5.0,0.7,-17.5,-9.8,-16.8,-19.9,-17.3,-6.0
"..Region VII (Central Visayas)","01.1.1.20 - FLOUR, BREAD AND OTHER BAKERY PRODUCTS, PASTA PRODUCTS,  AND OTHER CEREALS",10.5,11.5,11.7,12.2,12.7,13.5,11.5,10.9,9.0,9.1,8.5,7.9,10.7
"..Region VII (Central Visayas)","01.1.1.2 - Flour of cereals (ND)",7.3,8.1,8.2,8.3,8.4,8.8,6.2,7.3,7.4,6.6,6.0,5.7,7.3
"..Region VII (Central Visayas)","01.1.1.3 - Bread and bakery products (ND)",10.5,11.6,11.9,11.9,12.4,13.8,12.2,11.1,9.3,9.4,9.0,8.2,10.9
"..Region VII (Central Visayas)","01.1.1.4 - Breakfast cereals (ND)",3.5,3.8,4.8,6.4,8.1,8.9,8.6,9.6,9.7,10.0,9.6,9.5,7.7
"..Region VII (Central Visayas)","01.1.1.5 - Macaroni, noodles, couscous and similar pasta products (ND)",12.2,12.7,12.9,14.9,15.1,14.8,11.6,11.6,9.2,9.0,7.6,7.3,11.5
"..Region VII (Central Visayas)","01.1.1.9 - Other cereal and grain mill products (ND)",8.7,9.2,9.1,9.7,10.5,10.5,8.4,8.4,6.8,8.1,7.6,7.3,8.7
"..Region VII (Central Visayas)","01.1.2 - Meat and other parts of slaughtered land animals (ND)",6.1,6.5,3.7,5.1,4.2,2.3,-0.7,0.2,2.2,3.7,3.9,4.0,3.4
"..Region VII (Central Visayas)","01.1.2.2 - Meat, fresh, chilled or frozen (ND)",5.4,5.7,2.2,3.6,2.5,0.0,-3.6,-2.0,0.8,2.6,2.5,2.5,1.8
"..Region VII (Central Visayas)","01.1.2.3 - Meat, dried, salted, in brine or smoked (ND)",0.5,1.0,1.4,2.3,2.8,2.7,2.6,2.8,2.7,2.7,2.6,2.8,2.2
"..Region VII (Central Visayas)","01.1.2.4 - Offal, blood and other parts of slaughtered animals, fresh, chilled or frozen, dried, salted, in brine or smoked (ND)",6.7,6.4,2.3,2.2,3.1,3.2,-0.8,-1.3,3.6,5.4,8.6,8.8,4.0
"..Region VII (Central Visayas)","01.1.2.5 - Meat, offal, blood and other parts of slaughtered animals' preparations (ND)",9.1,9.8,9.5,10.7,10.7,10.7,9.8,8.5,7.0,7.3,8.7,8.6,9.2
"..Region VII (Central Visayas)","01.1.3 - Fish and other seafood (ND)",4.6,12.0,11.0,5.4,1.3,3.9,2.2,4.4,4.8,5.9,5.3,6.1,5.5
"..Region VII (Central Visayas)","01.1.3.1 - Fish, live, fresh, chilled or frozen (ND)",5.1,11.0,10.6,3.4,-0.3,3.3,0.7,3.4,4.3,5.7,4.9,6.3,4.8
"..Region VII (Central Visayas)","01.1.3.2 - Fish, dried, salted, in brine or smoked (ND)",-1.2,20.3,14.8,11.5,2.3,5.1,7.1,8.2,6.9,6.4,8.1,6.3,7.9
"..Region VII (Central Visayas)","01.1.3.3 - Fish preparations (ND)",9.3,11.1,11.9,11.8,11.8,11.7,9.4,8.2,6.4,5.9,5.8,5.7,9.0
"..Region VII (Central Visayas)","01.1.3.4 - Other seafood, live, fresh, chilled or frozen (ND)",4.2,8.9,7.3,6.3,3.1,0.0,0.5,2.4,4.0,5.9,4.4,4.4,4.3
"..Region VII (Central Visayas)","01.1.3.6 - Other seafood preparations (ND)",3.9,4.7,4.3,5.0,5.1,4.7,3.6,2.7,1.4,1.5,2.2,2.8,3.5
"..Region VII (Central Visayas)","01.1.4 - Milk, other dairy products and eggs (ND)",5.9,7.8,7.7,8.0,8.1,8.2,6.9,6.6,7.1,8.5,10.7,10.4,8.0
"..Region VII (Central Visayas)","01.1.4.1 - Raw and whole milk (ND)",15.1,15.6,15.6,15.6,16.6,17.0,13.3,13.5,10.5,5.5,5.3,5.3,12.2
"..Region VII (Central Visayas)","01.1.4.3 - Other milk and cream (ND)",5.9,6.2,6.0,5.9,6.2,6.7,6.3,6.1,4.7,5.1,5.3,5.1,5.8
"..Region VII (Central Visayas)","01.1.4.4 - Non-animal milk (ND)",..,..,..,..,..,..,..,..,..,..,..,..,..
"..Region VII (Central Visayas)","01.1.4.5 - Cheese (ND)",5.4,9.3,10.7,11.4,12.7,13.7,13.6,14.2,13.6,12.1,11.8,11.3,11.7
"..Region VII (Central Visayas)","01.1.4.6 - Yoghurt and similar products (ND)",..,..,..,..,..,..,..,..,..,..,..,..,..
"..Region VII (Central Visayas)","01.1.4.7 - Milk-based dessert and beverages (ND)",4.8,4.9,4.9,4.9,5.6,9.5,8.6,9.0,9.0,9.0,6.6,6.6,7.0
"..Region VII (Central Visayas)","01.1.4.8 - Eggs (ND)",5.9,10.2,10.4,11.1,10.6,10.2,7.4,7.3,10.6,13.6,19.0,18.4,11.2
"..Region VII (Central Visayas)","01.1.5 - Oils and fats (ND)",27.4,26.8,26.0,24.2,23.7,18.6,11.2,8.5,4.9,4.6,4.1,2.8,14.4
"..Region VII (Central Visayas)","01.1.5.1 - Vegetable oils (ND)",30.2,29.5,28.4,26.4,25.8,20.0,11.8,8.9,5.1,4.9,4.3,2.9,15.5
"..Region VII (Central Visayas)","01.1.5.2 - Butter and other fats and oils derived from milk (ND)",4.8,5.0,5.9,5.9,6.0,6.1,5.0,4.7,2.3,2.5,2.6,2.6,4.4
"..Region VII (Central Visayas)","01.1.5.3 - Margarine and similar preparations (ND)",10.1,10.5,10.5,10.2,10.5,9.6,7.7,5.7,4.2,3.1,2.6,2.5,7.2
"..Region VII (Central Visayas)","01.1.5.9 - Other animal oils and fats (ND)",0.3,10.5,26.4,14.4,9.3,6.7,2.6,2.6,-2.9,-2.9,-4.8,12.4,5.6
"..Region VII (Central Visayas)","01.1.6 - Fruits and nuts (ND)",10.6,12.6,12.2,12.2,14.4,12.0,7.1,7.1,7.6,12.0,13.6,10.3,11.0
"..Region VII (Central Visayas)","01.1.6.1 - Dates, figs and tropical fruits, fresh (ND)",10.8,12.9,12.6,12.3,14.5,11.9,6.8,6.9,7.7,12.3,14.0,10.4,11.1
"..Region VII (Central Visayas)","01.1.6.2 - Citrus fruits, fresh (ND)",1.6,-7.9,-11.5,-4.5,11.3,6.6,-3.3,-8.6,-14.0,-17.2,-13.9,-13.0,-6.3
"..Region VII (Central Visayas)","01.1.6.3 - Stone fruits and pome fruits, fresh (ND)",20.1,22.7,24.0,23.5,29.8,38.1,31.4,28.8,27.4,34.1,15.9,14.7,25.5
"..Region VII (Central Visayas)","01.1.6.5 - Other fruits, fresh (ND)",17.7,24.3,30.0,30.3,22.4,0.0,3.6,0.0,2.5,-0.7,13.6,4.9,11.6
"..Region VII (Central Visayas)","01.1.6.7 - Fruit, dried and dehydrated (ND)",5.6,6.0,6.3,6.3,7.0,8.2,7.9,8.4,6.0,5.8,6.2,7.4,6.8
"..Region VII (Central Visayas)","01.1.6.8 - Nuts, in shell or shelled (ND)",3.6,6.6,6.9,10.5,8.8,12.1,12.1,11.8,12.1,15.8,18.1,18.5,11.4
"..Region VII (Central Visayas)","01.1.6.9 - Fruit and nuts ground and other preparations (ND)",13.3,13.9,14.2,14.9,15.1,14.0,9.8,9.5,8.1,8.5,8.4,8.6,11.4
"..Region VII (Central Visayas)","01.1.7 - Vegetables, tubers, plantains, cooking bananas and pulses (ND)",10.5,17.7,19.4,12.6,21.7,18.3,18.7,18.4,18.1,9.0,0.9,-3.6,12.9
"..Region VII (Central Visayas)","01.1.7.1 - Leafy or stem vegetables, fresh or chilled (ND)",-18.7,2.5,14.8,15.3,20.0,14.8,7.3,10.7,9.1,0.9,-1.6,-2.6,5.3
"..Region VII (Central Visayas)","01.1.7.2 - Fruit-bearing vegetables, fresh or chilled (ND)",-23.5,8.7,10.9,6.7,14.8,6.2,11.7,9.9,18.4,17.1,6.4,4.4,6.5
"..Region VII (Central Visayas)","01.1.7.3 - Green leguminous vegetables, fresh or chilled (ND)",-31.1,-3.4,9.3,3.3,3.6,3.6,-0.9,2.8,12.9,2.0,-10.7,-13.1,-3.3
"..Region VII (Central Visayas)","01.1.7.4 - Other vegetables, fresh or chilled (ND)",63.0,38.5,37.8,16.4,37.0,42.9,43.0,33.4,22.2,0.7,-11.8,-16.5,23.6
"..Region VII (Central Visayas)","01.1.7.5 - Tubers, plantains and cooking bananas (ND)",14.8,15.0,13.4,15.5,13.9,9.1,12.3,23.3,28.9,33.9,36.8,21.2,19.9
"..Region VII (Central Visayas)","01.1.7.9 - Vegetables, tubers, plantains, cooking bananas and pulses ground and other preparations (ND)",7.2,6.6,7.1,7.0,6.8,7.2,6.0,5.7,6.4,7.4,7.8,8.6,7.0
"..Region VII (Central Visayas)","01.1.8 - Sugar, confectionery and desserts (ND)",44.0,44.0,41.9,40.7,37.8,34.5,26.5,10.5,6.6,1.7,0.7,-0.7,21.4
"..Region VII (Central Visayas)","01.1.8.1 - Cane and beet sugar (ND)",81.0,79.6,75.1,71.6,64.8,57.5,42.1,13.2,7.3,0.0,-1.8,-4.2,32.7
"..Region VII (Central Visayas)","01.1.8.3 - Jams, fruit jellies, marmalades, fruit purée and pastes, honey (ND)",5.4,6.7,7.5,7.9,8.0,9.7,9.4,9.8,10.6,12.4,12.6,14.1,9.6
"..Region VII (Central Visayas)","01.1.8.4 - Nut purée, nut butter and nut pastes (ND)",13.4,15.2,16.6,18.8,21.4,20.6,15.0,16.1,15.6,14.0,13.6,13.2,16.0
"..Region VII (Central Visayas)","01.1.8.5 - Chocolate, cocoa, and cocoa-based food products (ND)",4.9,5.4,5.7,6.1,6.3,7.3,6.3,6.1,5.0,6.4,5.4,6.0,5.9
"..Region VII (Central Visayas)","01.1.8.6 - Ice, ice cream and sorbet (ND)",1.9,2.0,2.1,2.4,2.6,2.6,2.6,2.9,2.4,1.9,2.5,3.3,2.4
"..Region VII (Central Visayas)","01.1.8.9 - Other sugar confectionery and desserts n.e.c. (ND)",9.0,9.3,9.5,9.9,10.5,10.6,9.3,8.7,6.9,7.0,6.7,7.3,8.7
"..Region VII (Central Visayas)","01.1.9 - Ready-made food and other food products n.e.c. (ND)",7.5,7.6,8.3,8.4,9.3,8.7,7.3,6.8,4.8,4.9,5.4,5.7,7.0
"..Region VII (Central Visayas)","01.1.9.2 - Baby food (ND)",7.5,8.0,8.0,8.0,8.0,7.7,5.9,5.2,3.7,3.4,4.5,4.3,6.1
"..Region VII (Central Visayas)","01.1.9.3 - Salt, condiments and sauces (ND)",11.5,11.5,11.9,12.2,12.4,11.9,9.2,9.1,5.7,5.5,5.1,5.3,9.1
"..Region VII (Central Visayas)","01.1.9.4 - Spices, culinary herbs and seeds (ND)",-1.9,-2.4,0.9,0.3,4.4,3.2,4.6,4.4,4.9,6.2,8.5,9.1,3.5
"..Region VII (Central Visayas)","01.1.9.9 - Other food products n.e.c. (ND)",5.2,5.3,5.4,5.4,5.4,4.3,4.3,4.5,5.1,4.4,4.7,4.4,4.9
"..Region VII (Central Visayas)","01.2 - NON-ALCOHOLIC BEVERAGES",6.5,7.0,7.4,7.7,8.0,8.1,7.0,6.9,5.3,5.2,4.3,4.1,6.4
"..Region VII (Central Visayas)","01.2.1 - Fruit and vegetable juices (ND)",4.3,5.0,6.3,6.6,7.2,7.4,6.1,6.7,5.7,6.1,5.7,5.9,6.1
"..Region VII (Central Visayas)","01.2.1.0 - Fruit and vegetable juices (ND)",4.3,4.9,6.2,6.6,7.2,7.4,6.1,6.7,5.8,6.2,5.7,6.0,6.1
"..Region VII (Central Visayas)","01.2.2 - Coffee and coffee substitutes (ND)",5.3,5.9,6.1,6.2,6.2,6.6,4.9,4.7,4.0,3.8,3.4,3.2,5.0
"..Region VII (Central Visayas)","01.2.2.0 - Coffee and coffee substitutes (ND)",5.3,5.9,6.1,6.1,6.1,6.7,4.9,4.7,4.0,3.8,3.4,3.2,5.0
"..Region VII (Central Visayas)","01.2.3 - Tea, maté and other plant products for infusion (ND)",7.5,7.6,7.5,9.1,9.4,8.1,4.5,3.7,2.7,5.5,5.6,7.2,6.5
"..Region VII (Central Visayas)","01.2.3.0 - Tea, maté and other plant products for infusion (ND)",7.5,7.6,7.5,9.1,9.3,8.0,4.6,3.8,2.8,5.5,5.6,7.2,6.5
"..Region VII (Central Visayas)","01.2.4 - Cocoa drinks (ND)",7.5,8.3,9.2,10.0,11.0,11.0,8.9,9.1,6.2,6.6,6.5,6.1,8.3
"..Region VII (Central Visayas)","01.2.4.0 - Cocoa drinks (ND)",7.5,8.3,9.2,10.0,11.0,11.0,9.0,9.1,6.2,6.5,6.5,6.1,8.3
"..Region VII (Central Visayas)","01.2.5 - Water (ND)",8.3,8.3,8.4,8.4,8.3,8.3,7.3,7.3,5.0,4.9,2.8,2.9,6.6
"..Region VII (Central Visayas)","01.2.5.0 - Water (ND)",8.3,8.3,8.3,8.3,8.3,8.3,7.3,7.3,5.0,5.0,2.8,2.9,6.6
"..Region VII (Central Visayas)","01.2.6 - Soft drinks (ND)",6.8,7.5,7.9,8.5,8.9,9.3,10.1,9.1,7.5,6.6,6.1,4.8,7.7
"..Region VII (Central Visayas)","01.2.6.0 - Soft drinks (ND)",6.8,7.5,7.9,8.5,8.9,9.3,10.0,9.1,7.5,6.5,6.1,4.9,7.7
"..Region VII (Central Visayas)","01.2.9 - Other non-alcoholic beverages (ND)",6.5,6.9,7.3,7.9,8.4,8.5,7.3,8.1,6.2,5.7,6.3,6.0,7.1
"..Region VII (Central Visayas)","01.2.9.0 - Other non-alcoholic beverages (ND)",6.5,6.9,7.3,8.0,8.4,8.4,7.3,8.0,6.1,5.6,6.3,6.0,7.1
"..Region VII (Central Visayas)","02 - ALCOHOLIC BEVERAGES AND TOBACCO",10.0,10.4,11.3,12.0,14.1,14.6,11.3,10.4,9.5,9.7,9.6,10.4,11.1
"..Region VII (Central Visayas)","02.1 - ALCOHOLIC BEVERAGES",7.2,7.4,8.0,8.7,8.9,9.2,9.4,9.3,8.5,8.7,7.6,7.3,8.4
"..Region VII (Central Visayas)","02.1.1 - Spirits and liquors (ND)",8.4,8.9,9.3,10.6,10.9,11.4,11.7,11.4,11.1,11.4,10.6,10.0,10.5
"..Region VII (Central Visayas)","02.1.1.0 - Spirits and liquors (ND)",8.5,8.9,9.3,10.6,10.9,11.5,11.7,11.4,11.1,11.4,10.7,10.0,10.5
"..Region VII (Central Visayas)","02.1.2 - Wine (ND)",10.5,10.6,11.1,11.4,11.4,11.2,9.6,9.4,8.1,8.0,4.8,4.1,9.1
"..Region VII (Central Visayas)","02.1.2.1 - Wine from grapes (ND)",11.7,11.6,11.6,11.7,11.2,11.3,9.6,9.1,7.6,6.2,4.7,3.4,9.0
"..Region VII (Central Visayas)","02.1.2.2 - Wine from other sources (ND)",10.2,10.4,11.1,11.3,11.4,11.2,9.5,9.5,8.2,8.4,4.7,4.2,9.1
"..Region VII (Central Visayas)","02.1.3 - Beer (ND)",4.2,4.3,4.8,5.3,5.6,6.0,6.6,6.7,5.8,6.1,5.7,5.9,5.6
"..Region VII (Central Visayas)","02.1.3.0 - Beer (ND)",4.1,4.3,4.9,5.3,5.6,6.0,6.6,6.7,5.8,6.1,5.7,5.9,5.6
"..Region VII (Central Visayas)","02.3 - TOBACCO",12.4,12.9,14.2,15.1,18.9,19.5,13.1,11.4,10.3,10.5,11.1,13.1,13.5
"..Region VII (Central Visayas)","02.3.0 - Tobacco (ND)",12.4,12.9,14.2,15.1,18.9,19.5,13.1,11.4,10.3,10.5,11.1,13.1,13.5
"..Region VII (Central Visayas)","02.3.0.1 - Cigarettes (ND)",13.0,13.5,14.8,15.7,19.3,19.8,13.1,11.3,10.3,10.4,10.9,13.0,13.6
"..Region VII (Central Visayas)","02.3.0.2 - Cigars (ND)",..,..,..,..,..,..,..,..,..,..,..,..,..
"..Region VII (Central Visayas)","02.3.0.9 - Other tobacco products (ND)",2.3,2.3,2.9,3.7,10.7,12.8,13.6,13.6,11.3,12.0,15.7,15.7,9.8
"..Region VII (Central Visayas)","02.4 - OTHER VEGETABLE-BASED TOBACCO PRODUCTS",..,..,..,..,..,..,..,..,..,..,..,..,..
"..Region VII (Central Visayas)","02.4.0 - Other vegetable-based tobacco products (ND)",..,..,..,..,..,..,..,..,..,..,..,..,..
"..Region VII (Central Visayas)","02.4.0.0 - Other vegetable-based tobacco products (ND)",..,..,..,..,..,..,..,..,..,..,..,..,..
"..Region VII (Central Visayas)","02.900 - NON-FOOD",7.0,6.3,5.4,4.4,4.3,3.8,3.1,3.4,1.8,3.1,2.7,2.8,4.0
"..Region VII (Central Visayas)","03 - CLOTHING AND FOOTWEAR",2.8,3.0,3.1,3.3,3.3,3.6,3.1,3.1,2.8,2.8,2.6,2.6,3.0
"..Region VII (Central Visayas)","03.1 - CLOTHING",2.9,3.1,3.1,3.2,3.3,3.6,3.3,3.5,3.3,2.9,2.7,2.8,3.2
"..Region VII (Central Visayas)","03.1.1 - Clothing materials (SD)",3.8,3.9,3.7,3.7,4.0,4.0,4.0,4.0,2.4,2.9,3.0,3.1,3.5
"..Region VII (Central Visayas)","03.1.1.0 - Clothing materials (SD)",3.7,3.8,3.8,3.8,4.0,4.1,4.0,4.0,2.4,2.9,3.0,3.1,3.5
"..Region VII (Central Visayas)","03.1.2 - Garments (SD)",3.0,3.2,3.2,3.3,3.4,3.7,3.3,3.5,3.3,2.8,2.8,2.8,3.2
"..Region VII (Central Visayas)","03.1.2.1 - Garments for men or boys (SD)",3.2,3.5,3.5,3.6,3.8,4.1,3.7,3.7,3.5,2.9,2.7,2.8,3.4
"..Region VII (Central Visayas)","03.1.2.2 - Garments for women or girls (SD)",2.4,2.6,2.7,2.7,2.7,3.2,3.1,3.3,3.1,2.9,2.8,2.9,2.9
"..Region VII (Central Visayas)","03.1.2.3 - Garments for infants (0 to under 2 years) (SD)",8.3,8.3,8.4,8.4,9.1,9.1,9.1,9.2,3.6,2.8,3.8,3.7,6.9
"..Region VII (Central Visayas)","03.1.2.4 - School uniforms (SD)",21.8,21.8,21.9,21.9,22.4,22.4,21.0,21.2,4.8,4.9,1.3,1.3,14.8
"..Region VII (Central Visayas)","03.1.3 - Other articles of clothing and clothing accessories (SD)",3.1,3.5,3.5,3.5,4.6,4.7,4.3,4.8,4.1,3.9,4.0,3.7,4.0
"..Region VII (Central Visayas)","03.1.3.1 - Other articles of clothing (SD)",3.1,3.5,3.5,3.4,4.7,4.9,4.4,4.8,4.1,4.0,4.0,3.6,4.0
"..Region VII (Central Visayas)","03.1.3.2 - Clothing accessories (SD)",3.0,3.4,3.9,3.9,3.9,3.9,3.9,4.1,3.4,3.0,4.4,4.1,3.7
"..Region VII (Central Visayas)","03.1.4 - Cleaning, repair, tailoring and hire of clothing (S)",4.1,4.1,4.1,4.2,4.2,4.3,3.0,3.1,2.7,3.2,2.1,2.2,3.5
"..Region VII (Central Visayas)","03.1.4.1 - Cleaning of clothing (S)",7.5,7.5,7.5,7.5,7.5,7.5,1.9,1.9,0.0,0.0,0.0,0.0,3.9
"..Region VII (Central Visayas)","03.1.4.2 - Repair, tailoring and hire of clothing (S)",3.1,3.1,3.1,3.2,3.2,3.4,3.5,3.5,3.6,4.3,2.8,2.9,3.3
"..Region VII (Central Visayas)","03.2 - FOOTWEAR",2.9,3.0,3.1,3.4,3.1,3.2,2.6,2.5,1.7,2.5,2.1,2.1,2.7
"..Region VII (Central Visayas)","03.2.1 - Shoes and other footwear (SD)",2.9,3.0,3.1,3.4,3.1,3.2,2.6,2.5,1.7,2.5,2.1,2.1,2.7
"..Region VII (Central Visayas)","03.2.1.1 - Footwear for men (SD)",4.0,4.1,4.1,4.2,4.2,4.3,3.7,3.6,2.5,2.3,1.8,1.8,3.4
"..Region VII (Central Visayas)","03.2.1.2 - Footwear for women (SD)",-1.7,-1.4,-0.6,0.9,0.4,0.4,-1.7,-2.4,-3.3,4.2,4.4,4.5,0.3
"..Region VII (Central Visayas)","03.2.1.3 - Footwear for infants and children (SD)",2.7,2.8,2.9,3.0,2.6,2.6,2.5,2.5,2.5,2.3,1.8,1.7,2.5
"..Region VII (Central Visayas)","03.2.2 - Cleaning, repair, and hire of footwear (S)",4.3,4.4,4.3,4.3,4.0,4.2,2.5,3.6,4.5,4.1,3.4,3.4,3.9
"..Region VII (Central Visayas)","03.2.2.0 - Cleaning, repair, and hire of footwear (S)",4.3,4.4,4.3,4.3,3.9,4.1,2.4,3.5,4.4,4.1,3.3,3.4,3.9
"..Region VII (Central Visayas)","04 - HOUSING, WATER, ELECTRICITY, GAS, AND OTHER FUELS",9.6,8.8,7.3,7.3,8.9,7.8,6.8,4.9,1.3,2.4,2.2,1.7,5.7
"..Region VII (Central Visayas)","04.1 - ACTUAL RENTALS FOR HOUSING",3.9,3.7,3.7,4.6,4.6,3.9,4.0,4.4,4.5,7.9,7.7,7.9,5.1
"..Region VII (Central Visayas)","04.1.1 - Actual rentals paid by tenants for main residence (S)",3.9,3.7,3.7,4.6,4.6,3.9,4.0,4.4,4.5,7.9,7.7,7.9,5.1
"..Region VII (Central Visayas)","04.1.1.0 - Actual rentals paid by tenants for main residence (S)",4.0,3.7,3.7,4.6,4.6,3.8,4.0,4.3,4.5,8.0,7.6,7.8,5.1
"..Region VII (Central Visayas)","04.3 - MAINTENANCE, REPAIR AND SECURITY OF THE DWELLING",6.4,6.3,6.3,6.5,6.4,6.5,4.8,5.0,4.7,4.3,3.7,3.6,5.3
"..Region VII (Central Visayas)","04.3.1 - Security equipment and materials for the maintenance and repair of the dwelling (ND)",7.5,7.5,7.6,7.7,7.9,7.5,5.2,5.2,4.7,4.0,3.6,3.4,5.9
"..Region VII (Central Visayas)","04.3.1.1 - Materials for the maintenance and repair of the dwelling (ND)",7.5,7.5,7.6,7.7,7.8,7.5,5.2,5.2,4.7,4.0,3.6,3.4,5.9
"..Region VII (Central Visayas)","04.3.2 - Services for the maintenance, repair and security of the dwelling (S)",3.7,3.5,3.5,3.9,3.1,4.1,3.9,4.7,4.5,5.0,4.1,4.1,4.0
"..Region VII (Central Visayas)","04.3.2.0 - Services for the maintenance, repair and security of the dwelling (S)",3.7,3.5,3.5,3.9,3.1,4.1,3.9,4.7,4.6,4.9,4.1,4.1,4.0
"..Region VII (Central Visayas)","04.4 - WATER SUPPLY AND MISCELLANEOUS SERVICES RELATING TO THE DWELLING",1.0,1.2,1.2,0.9,0.9,0.8,-2.8,-2.8,-7.2,-7.8,-8.9,-9.3,-2.8
"..Region VII (Central Visayas)","04.4.1 - Water supply (ND)",1.0,1.2,1.2,0.9,0.9,0.8,-2.8,-2.8,-7.2,-7.8,-8.9,-9.3,-2.8
"..Region VII (Central Visayas)","04.4.1.1 - Water supply through network systems (ND)",1.0,1.2,1.2,0.9,0.9,0.7,-2.7,-2.7,-7.2,-7.8,-8.9,-9.3,-2.8
"..Region VII (Central Visayas)","04.5 - ELECTRICITY, GAS AND OTHER FUELS",25.7,23.5,16.7,15.0,20.9,18.9,15.5,8.0,-4.4,-7.9,-7.7,-9.5,8.6
"..Region VII (Central Visayas)","04.5.1 - Electricity (ND)",34.9,29.7,21.4,21.9,31.5,28.2,22.9,9.4,-9.2,-14.4,-13.8,-16.2,10.1
"..Region VII (Central Visayas)","04.5.1.0 - Electricity (ND)",34.9,29.7,21.5,21.9,31.5,28.2,23.0,9.4,-9.2,-14.4,-13.8,-16.2,10.1
"..Region VII (Central Visayas)","04.5.2 - Gas (ND)",1.1,6.0,-1.1,-8.6,-7.4,-7.9,-8.7,-5.9,-1.0,4.8,3.8,2.9,-1.9
"..Region VII (Central Visayas)","04.5.2.2 - Liquefied hydrocarbons (ND)",1.1,5.9,-1.1,-8.6,-7.4,-8.0,-8.7,-5.9,-1.0,4.8,3.7,2.9,-1.9
"..Region VII (Central Visayas)","04.5.3 - Liquid fuels (ND)",33.8,24.8,7.0,-6.7,-12.5,-20.0,-19.2,-3.8,-1.4,1.1,-3.4,-0.3,-1.7
"..Region VII (Central Visayas)","04.5.3.0 - Liquid fuels (ND)",33.8,24.8,7.0,-6.7,-12.5,-20.0,-19.2,-3.8,-1.4,1.1,-3.4,-0.3,-1.7
"..Region VII (Central Visayas)","04.5.4 - Solid fuels (ND)",23.6,23.9,23.2,23.2,22.9,22.8,21.8,21.5,12.8,3.9,4.2,4.2,16.6
"..Region VII (Central Visayas)","04.5.4.2 - Wood fuel, including pellets and briquettes (ND)",23.6,23.9,23.1,23.1,22.8,22.7,21.7,21.5,12.8,4.1,4.3,4.3,16.6
"..Region VII (Central Visayas)","04.5.4.3 - Charcoal (ND)",22.8,22.7,22.7,23.1,23.1,23.3,23.0,22.6,13.6,1.0,0.9,0.9,15.8
"..Region VII (Central Visayas)","05 - FURNISHINGS, HOUSEHOLD EQUIPMENT AND ROUTINE HOUSEHOLD MAINTENANCE",4.7,5.1,4.6,4.8,5.0,4.9,4.3,4.8,4.7,4.3,3.4,3.3,4.5
"..Region VII (Central Visayas)","05.1 - FURNITURE, FURNISHINGS, AND LOOSE CARPETS",2.9,2.9,2.9,3.0,3.3,3.5,2.9,2.7,1.5,1.3,1.3,1.4,2.5
"..Region VII (Central Visayas)","05.1.1 - Furniture, furnishings and loose carpets (D)",2.9,2.9,2.9,3.0,3.3,3.5,2.9,2.7,1.5,1.3,1.3,1.4,2.5
"..Region VII (Central Visayas)","05.1.1.1 - Household furniture (D)",3.3,3.4,3.3,3.4,3.7,3.8,3.2,2.9,1.6,1.3,1.3,1.4,2.7
"..Region VII (Central Visayas)","05.1.1.3 - Lighting equipment (D)",1.6,1.6,1.6,1.6,1.6,1.6,1.6,1.6,0.7,0.7,0.7,1.3,1.4
"..Region VII (Central Visayas)","05.1.1.4 - Furnishings, loose carpets and rugs (D)",1.3,1.3,1.3,1.3,2.1,2.2,1.9,2.1,1.8,2.4,1.8,1.7,1.8
"..Region VII (Central Visayas)","05.2 - HOUSEHOLD TEXTILES",2.3,2.6,2.6,2.7,2.8,3.0,3.0,3.0,2.3,2.3,2.1,2.2,2.6
"..Region VII (Central Visayas)","05.2.1 - Household textiles (SD)",2.3,2.6,2.6,2.7,2.8,3.0,3.0,3.0,2.3,2.3,2.1,2.2,2.6
"..Region VII (Central Visayas)","05.2.1.1 - Furnishing fabrics and curtains (SD)",2.9,2.9,2.9,2.9,3.1,3.3,3.3,3.3,1.9,1.9,0.5,0.5,2.5
"..Region VII (Central Visayas)","05.2.1.2 - Bed linen and bedding (SD)",1.6,2.1,2.2,2.2,2.2,2.5,2.6,2.6,2.3,2.0,2.7,2.8,2.3
"..Region VII (Central Visayas)","05.2.1.3 - Table linen and bathroom linen (SD)",5.1,5.1,5.1,5.1,5.1,5.1,4.1,4.4,2.9,5.2,4.3,3.5,4.6
"..Region VII (Central Visayas)","05.2.1.9 - Other household textiles (SD)",1.7,1.7,1.9,2.4,2.3,2.5,2.6,2.6,2.4,2.2,2.2,2.2,2.2
"..Region VII (Central Visayas)","05.3 - HOUSEHOLD APPLIANCES",2.1,2.0,2.1,2.1,2.1,2.2,1.8,1.9,2.5,2.3,2.6,2.7,2.2
"..Region VII (Central Visayas)","05.3.1 - Major household appliances, whether electric or not (D)",1.8,1.8,2.0,1.9,1.9,2.0,1.6,1.6,2.4,2.3,2.4,2.4,2.0
"..Region VII (Central Visayas)","05.3.1.1 - Major kitchen appliances (D)",2.3,2.5,2.6,2.6,2.6,2.8,2.1,2.1,3.2,3.1,3.0,3.0,2.7
"..Region VII (Central Visayas)","05.3.1.2 - Major laundry appliances (D)",0.5,0.8,0.8,0.8,0.8,0.8,0.9,0.9,0.9,0.7,0.8,0.8,0.8
"..Region VII (Central Visayas)","05.3.1.3 - Heaters, air conditioners (D)",2.0,0.5,0.5,0.5,0.5,0.5,0.4,0.4,0.9,1.0,1.2,1.2,0.8
"..Region VII (Central Visayas)","05.3.2 - Small household appliances (SD)",3.2,3.3,3.3,3.3,3.3,3.3,2.9,2.8,2.4,1.6,3.4,4.1,3.1
"..Region VII (Central Visayas)","05.3.2.1 - Small appliances for cooking and processing of food (SD)",3.7,3.7,3.7,3.7,3.7,3.7,3.0,2.5,2.2,1.7,2.8,3.1,3.1
"..Region VII (Central Visayas)","05.3.2.9 - Other small household appliances (SD)",2.9,2.9,2.9,2.9,3.0,3.1,3.1,3.2,2.7,1.7,3.8,4.8,3.1
"..Region VII (Central Visayas)","05.3.3 - Repair, installation and hire of household appliances (S)",2.4,2.4,2.4,2.4,2.4,2.4,5.4,5.5,5.5,5.3,8.7,8.7,4.5
"..Region VII (Central Visayas)","05.3.3.0 - Repair, installation and hire of household appliances (S)",2.4,2.4,2.4,2.4,2.4,2.4,5.3,5.5,5.5,5.4,8.8,8.8,4.5
"..Region VII (Central Visayas)","05.4 - GLASSWARE, TABLEWARE AND HOUSEHOLD UTENSILS",2.6,2.7,2.8,2.8,2.7,3.1,3.0,3.0,2.2,2.1,2.1,2.3,2.6
"..Region VII (Central Visayas)","05.4.0 - Glassware, tableware and household utensils (SD)",2.6,2.7,2.8,2.8,2.7,3.1,3.0,3.0,2.2,2.1,2.1,2.3,2.6
"..Region VII (Central Visayas)","05.4.0.1 - Glassware, crystal-ware, ceramic ware and chinaware (SD)",2.7,2.8,2.8,2.8,2.6,3.0,3.1,3.0,2.4,1.4,1.3,1.4,2.4
"..Region VII (Central Visayas)","05.4.0.2 - Cutlery, flatware and silverware (SD)",1.0,1.0,1.0,1.1,1.1,1.6,1.4,2.1,2.7,5.3,5.3,5.5,2.4
"..Region VII (Central Visayas)","05.4.0.3 - Kitchen utensils and articles (SD)",3.1,3.3,3.5,3.5,3.4,3.6,3.5,3.4,1.7,1.7,2.0,2.2,2.9
"..Region VII (Central Visayas)","05.5 - TOOLS AND EQUIPMENT FOR HOUSE AND GARDEN",2.7,2.8,2.9,2.9,3.3,3.7,2.5,2.5,2.2,2.2,3.5,3.5,2.9
"..Region VII (Central Visayas)","05.5.1 - Motorized tools and equipment (D)",0.5,0.5,0.5,0.5,1.0,1.0,1.0,1.0,1.0,1.0,1.2,1.2,0.9
"..Region VII (Central Visayas)","05.5.1.0 - Motorized tools and equipment (D)",0.5,0.5,0.5,0.5,0.9,0.9,0.9,0.9,0.9,0.9,1.2,1.3,0.8
"..Region VII (Central Visayas)","05.5.2 - Non-motorized tools and miscellaneous accessories (SD)",3.0,3.1,3.2,3.2,3.5,4.0,2.7,2.7,2.5,2.4,3.7,3.8,3.2
"..Region VII (Central Visayas)","05.5.2.1 - Non-motorized tools (SD)",1.9,2.0,2.1,2.1,1.5,2.1,1.9,2.0,1.7,1.5,2.5,2.8,2.0
"..Region VII (Central Visayas)","05.5.2.2 - Miscellaneous accessories (SD)",4.0,4.1,4.2,4.2,5.3,5.7,3.3,3.3,3.0,3.1,4.7,4.6,4.1
"..Region VII (Central Visayas)","05.6 - GOODS AND SERVICES FOR ROUTINE HOUSEHOLD MAINTENANCE",5.5,5.8,5.3,5.4,5.6,5.5,4.8,5.4,5.4,5.1,3.7,3.5,5.1
"..Region VII (Central Visayas)","05.6.1 - Non-durable household goods (ND)",5.4,6.0,6.2,6.3,6.5,6.6,5.9,6.2,4.8,4.4,4.1,3.7,5.5
"..Region VII (Central Visayas)","05.6.1.1 - Household cleaning and maintenance products (ND)",7.1,7.4,7.8,7.7,8.3,8.6,6.9,7.3,5.6,6.0,5.6,5.5,7.0
"..Region VII (Central Visayas)","05.6.1.9 - Other non-durable household goods (ND)",4.7,5.5,5.6,5.7,5.8,6.0,5.6,5.9,4.4,3.9,3.6,3.2,5.0
"..Region VII (Central Visayas)","05.6.2 - Domestic services and household services (S)",5.7,5.7,4.5,4.5,4.7,4.1,3.7,4.5,6.3,5.7,3.2,3.2,4.6
"..Region VII (Central Visayas)","05.6.2.1 - Domestic services by paid staff (S)",5.7,5.7,4.5,4.5,4.7,4.2,3.7,4.5,6.3,5.7,3.2,3.2,4.6
"..Region VII (Central Visayas)","06 - HEALTH",3.1,3.4,3.4,3.6,3.7,4.0,3.7,4.0,3.6,4.5,4.5,4.6,3.9
"..Region VII (Central Visayas)","06.1 - MEDICINES AND HEALTH PRODUCTS",2.8,3.2,3.5,3.8,3.8,4.1,3.7,3.9,3.4,3.9,4.0,4.2,3.7
"..Region VII (Central Visayas)","06.1.1 - Medicines (ND)",2.8,3.2,3.5,3.7,3.8,4.0,3.7,4.0,3.5,3.9,4.1,4.3,3.7
"..Region VII (Central Visayas)","06.1.1.1 - Medicines, vaccines and other pharmaceutical preparations (ND)",2.7,3.2,3.4,3.6,3.8,4.1,3.7,4.0,3.5,4.0,4.1,4.3,3.7
"..Region VII (Central Visayas)","06.1.2 - Medical products (ND)",1.5,1.8,1.9,2.0,2.1,2.5,2.5,2.6,2.5,2.6,2.0,2.0,2.1
"..Region VII (Central Visayas)","06.1.2.1 - Medical diagnostic products (ND)",0.1,0.1,0.1,0.1,0.1,2.2,2.6,2.6,2.6,2.6,2.5,2.5,1.5
"..Region VII (Central Visayas)","06.1.2.2 - Prevention and protective devices (ND)",1.5,1.6,1.8,2.1,2.1,2.1,2.2,2.5,2.5,2.5,0.7,0.7,1.9
"..Region VII (Central Visayas)","06.1.2.3 - Treatment devices for personal use (ND)",2.9,3.5,3.6,3.6,3.8,3.4,2.8,2.8,2.2,2.6,2.6,2.5,3.0
"..Region VII (Central Visayas)","06.1.3 - Assistive products (D)",7.2,7.2,7.2,7.2,6.9,6.9,2.8,1.9,2.8,3.9,5.2,5.5,5.4
"..Region VII (Central Visayas)","06.1.3.1 - Assistive products for vision (D)",7.2,7.2,7.2,7.2,7.0,7.0,2.8,1.8,2.8,3.9,5.3,5.5,5.4
"..Region VII (Central Visayas)","06.2 - OUTPATIENT CARE SERVICES",4.3,4.3,4.2,4.2,4.2,5.3,4.9,6.1,6.1,7.8,6.9,7.2,5.5
"..Region VII (Central Visayas)","06.2.1 - Preventive care services (S)",4.8,4.8,4.8,4.8,4.8,6.2,5.5,6.9,6.8,8.7,7.8,7.8,6.1
"..Region VII (Central Visayas)","06.2.1.9 - Other preventive services (S)",4.8,4.8,4.8,4.8,4.8,6.1,5.5,6.9,6.7,8.6,7.7,7.7,6.1
"..Region VII (Central Visayas)","06.2.2 - Outpatient dental services (S)",1.9,1.9,1.0,0.8,0.8,0.8,1.9,1.9,2.2,3.3,3.0,4.3,2.0
"..Region VII (Central Visayas)","06.2.2.1 - Dental preventive services (S)",1.9,1.9,1.0,0.8,0.8,0.8,2.0,2.0,2.2,3.3,3.0,4.4,2.0
"..Region VII (Central Visayas)","06.2.3 - Other outpatient care services (S)",..,..,..,..,..,..,..,..,..,..,..,..,..
"..Region VII (Central Visayas)","06.2.3.1 - Outpatient curative and rehabilitative services (S)",..,..,..,..,..,..,..,..,..,..,..,..,..
"..Region VII (Central Visayas)","06.3 - INPATIENT CARE SERVICES",2.5,2.5,2.2,2.3,1.8,1.8,2.0,1.2,1.0,2.3,3.1,3.1,2.1
"..Region VII (Central Visayas)","06.3.1 - Inpatient curative and rehabilitative services (S)",2.5,2.5,2.2,2.3,1.8,1.8,2.0,1.2,1.0,2.3,3.1,3.1,2.1
"..Region VII (Central Visayas)","06.3.1.0 - Inpatient curative and rehabilitative services (S)",2.5,2.5,2.3,2.4,1.8,1.8,2.0,1.2,1.0,2.2,3.1,3.1,2.2
"..Region VII (Central Visayas)","06.4 - OTHER HEALTH SERVICES",1.6,1.7,1.7,1.7,1.7,1.8,1.8,1.4,1.5,3.1,2.9,2.9,2.0
"..Region VII (Central Visayas)","06.4.1 - Diagnostic imaging services and medical laboratory services (S)",1.6,1.7,1.7,1.7,1.7,1.8,1.8,1.4,1.5,3.1,2.9,2.9,2.0
"..Region VII (Central Visayas)","06.4.1.0 - Diagnostic imaging services and medical laboratory services (S)",1.6,1.7,1.7,1.7,1.7,1.8,1.8,1.4,1.5,3.1,2.8,3.0,2.0
"..Region VII (Central Visayas)","07 - TRANSPORT",8.1,5.6,4.0,-1.7,-5.8,-7.0,-6.9,-1.4,-1.9,2.9,1.5,3.8,-0.2
"..Region VII (Central Visayas)","07.1 - PURCHASE OF VEHICLES",1.4,1.7,1.7,1.8,1.8,1.4,1.4,3.0,2.6,1.8,1.9,1.9,1.9
"..Region VII (Central Visayas)","07.1.1 - Motor cars (D)",0.0,0.0,0.0,0.0,0.0,0.0,0.0,0.0,0.0,0.0,0.0,0.0,0.0
"..Region VII (Central Visayas)","07.1.1.1 - New motor cars (D)",0.0,0.0,0.0,0.0,0.0,0.0,0.0,0.0,0.0,0.0,0.0,0.0,0.0
"..Region VII (Central Visayas)","07.1.2 - Motorcycles (D)",1.6,2.0,2.1,2.1,2.1,1.6,1.6,3.9,3.3,2.6,2.6,2.6,2.3
"..Region VII (Central Visayas)","07.1.2.0 - Motorcycles (D)",1.5,2.0,2.1,2.1,2.1,1.6,1.6,3.9,3.2,2.6,2.6,2.6,2.3
"..Region VII (Central Visayas)","07.1.3 - Bicycles (D)",3.5,3.5,3.5,3.7,3.7,3.7,3.7,3.3,3.2,0.3,0.7,0.7,2.8
"..Region VII (Central Visayas)","07.1.3.0 - Bicycles (D)",3.5,3.5,3.5,3.6,3.6,3.6,3.6,3.3,3.2,0.2,0.7,0.7,2.7
"..Region VII (Central Visayas)","07.2 - OPERATION OF PERSONAL TRANSPORT EQUIPMENT",10.3,4.0,-7.4,-12.3,-19.2,-24.4,-23.9,-10.0,-4.9,-4.2,-8.5,-4.8,-9.6
"..Region VII (Central Visayas)","07.2.1 - Parts and accessories for personal transport equipment (SD)",2.4,2.6,2.6,2.6,2.5,2.5,1.5,1.5,0.9,0.6,0.4,0.3,1.7
"..Region VII (Central Visayas)","07.2.1.1 - Tires (SD)",2.6,2.6,2.6,2.6,2.5,2.5,1.3,1.3,0.6,0.4,0.2,0.2,1.6
"..Region VII (Central Visayas)","07.2.1.2 - Parts for personal transport equipment (SD)",1.4,2.2,2.1,2.4,2.2,2.6,3.0,3.0,3.1,2.8,2.8,2.1,2.5
"..Region VII (Central Visayas)","07.2.1.3 - Accessories for personal transport equipment (SD)",..,..,..,..,..,..,..,..,..,..,..,..,..
"..Region VII (Central Visayas)","07.2.2 - Fuels and lubricants for personal transport equipment (ND)",11.0,4.0,-8.3,-13.6,-20.8,-26.4,-25.8,-11.0,-5.3,-4.7,-9.2,-5.2,-10.6
"..Region VII (Central Visayas)","07.2.2.1 - Diesel (ND)",28.1,12.1,-7.4,-20.6,-26.9,-31.3,-32.8,-15.3,-12.0,-11.2,-16.4,-11.3,-14.2
"..Region VII (Central Visayas)","07.2.2.2 - Gasoline (ND)",7.7,2.4,-8.6,-12.1,-19.6,-25.5,-24.4,-10.1,-3.7,-3.1,-7.6,-3.9,-9.8
"..Region VII (Central Visayas)","07.2.2.3 - Other fuels for personal transport equipment (ND)",..,..,..,..,..,..,..,..,..,..,..,..,..
"..Region VII (Central Visayas)","07.2.2.4 - Lubricants (ND)",2.9,3.1,2.7,2.5,2.5,3.8,2.7,3.1,3.1,3.3,6.4,6.2,3.5
"..Region VII (Central Visayas)","07.2.3 - Maintenance and repair of personal transport equipment (S)",11.6,11.7,11.7,11.7,11.3,11.3,4.8,5.2,1.4,1.0,1.0,1.0,6.8
"..Region VII (Central Visayas)","07.2.3.0 - Maintenance and repair of personal transport equipment (S)",11.6,11.8,11.8,11.8,11.4,11.4,4.9,5.2,1.4,1.0,1.0,1.0,6.8
"..Region VII (Central Visayas)","07.2.4 - Other services in respect of personal transport equipment (S)",..,..,..,..,..,..,..,..,..,..,..,..,..
"..Region VII (Central Visayas)","07.2.4.2 - Toll facilities (S)",..,..,..,..,..,..,..,..,..,..,..,..,..
"..Region VII (Central Visayas)","07.2.4.3 - Driving lessons, tests, licences, and road worthiness tests (S)",..,..,..,..,..,..,..,..,..,..,..,..,..
"..Region VII (Central Visayas)","07.3 - PASSENGER TRANSPORT SERVICES",10.1,9.3,16.0,5.5,2.2,5.2,4.6,4.0,-1.4,10.3,10.7,12.5,7.1
"..Region VII (Central Visayas)","07.3.1 - Passenger transport by railway (S)",..,..,..,..,..,..,..,..,..,..,..,..,..
"..Region VII (Central Visayas)","07.3.1.1 - Passenger transport by train (S)",..,..,..,..,..,..,..,..,..,..,..,..,..
"..Region VII (Central Visayas)","07.3.1.2 - Passenger transport by rapid transit and tram (S)",..,..,..,..,..,..,..,..,..,..,..,..,..
"..Region VII (Central Visayas)","07.3.2 - Passenger transport by road (S)",5.0,5.2,5.2,5.2,5.2,4.9,4.0,4.0,3.4,4.1,5.3,4.2,4.6
"..Region VII (Central Visayas)","07.3.2.1 - Passenger transport by bus and coach (S)",2.2,4.0,4.0,4.0,4.0,4.0,3.7,3.7,1.8,1.8,1.8,1.8,3.0
"..Region VII (Central Visayas)","07.3.2.2 - Passenger transport by taxi and hired car with driver (S)",0.0,0.0,0.0,0.0,0.0,0.0,0.0,0.0,0.0,0.0,0.7,0.7,0.1
"..Region VII (Central Visayas)","07.3.2.9 - Other passenger transport by road (S)",7.7,7.7,7.7,7.7,7.7,7.3,5.9,5.9,5.3,6.4,7.9,6.0,6.9
"..Region VII (Central Visayas)","07.3.3 - Passenger transport by air (S)",36.4,26.4,35.3,28.5,24.8,25.4,3.5,-6.2,-2.3,0.3,3.5,8.2,13.6
"..Region VII (Central Visayas)","07.3.3.1 - Passenger transport by air, domestic (S)",36.5,26.5,35.3,28.6,24.9,25.5,3.5,-6.1,-2.3,0.4,3.5,8.1,13.6
"..Region VII (Central Visayas)","07.3.4 - Passenger transport by sea and inland waterway (S)",18.6,18.4,53.4,-0.4,-10.7,-0.2,6.4,8.1,-14.3,48.7,41.1,64.7,12.0
"..Region VII (Central Visayas)","07.3.4.0 - Passenger transport by sea and inland waterway (S)",18.6,18.4,53.4,-0.4,-10.7,-0.2,6.4,8.2,-14.4,48.6,41.1,64.8,12.0
"..Region VII (Central Visayas)","07.4 - TRANSPORT SERVICES OF GOODS",0.1,0.1,0.1,0.1,0.1,0.1,0.1,0.1,0.1,0.1,0.0,0.0,0.1
"..Region VII (Central Visayas)","07.4.1 - Postal and courier services (S)",0.1,0.1,0.1,0.1,0.1,0.1,0.1,0.1,0.1,0.1,0.0,0.0,0.1
"..Region VII (Central Visayas)","07.4.1.1 - Letter handling services (S)",0.0,0.0,0.0,0.0,0.0,0.0,0.0,0.0,0.0,0.0,0.0,0.0,0.0
"..Region VII (Central Visayas)","07.4.1.2 - Courier and parcel delivery services (S)",0.2,0.2,0.2,0.2,0.2,0.2,0.2,0.2,0.2,0.2,0.0,0.0,0.2
"..Region VII (Central Visayas)","08 - INFORMATION AND COMMUNICATION",1.2,1.2,1.2,1.2,1.2,1.1,0.9,0.9,0.4,0.4,0.3,0.3,0.8
"..Region VII (Central Visayas)","08.1 - INFORMATION AND COMMUNICATION EQUIPMENT",1.2,1.2,1.2,1.2,1.2,1.4,1.4,1.2,1.0,1.0,0.7,0.7,1.1
"..Region VII (Central Visayas)","08.1.1 - Fixed telephone equipment (D)",0.0,0.0,0.0,0.0,0.0,0.0,0.0,0.0,0.0,0.0,0.0,0.0,0.0
"..Region VII (Central Visayas)","08.1.1.0 - Fixed telephone equipment (D)",0.0,0.0,0.0,0.0,0.0,0.0,0.0,0.0,0.0,0.0,0.0,0.0,0.0
"..Region VII (Central Visayas)","08.1.2 - Mobile telephone equipment (D)",0.4,0.4,0.4,0.4,0.4,0.4,0.2,0.2,0.2,0.1,0.1,0.0,0.3
"..Region VII (Central Visayas)","08.1.2.0 - Mobile telephone equipment (D)",0.4,0.4,0.4,0.4,0.4,0.4,0.2,0.2,0.2,0.1,0.1,0.0,0.3
"..Region VII (Central Visayas)","08.1.3 - Information processing equipment (D)",1.3,1.3,1.3,1.3,1.3,1.6,1.8,1.4,1.3,1.1,0.9,0.7,1.3
"..Region VII (Central Visayas)","08.1.3.1 - Computers, laptops and tablets (D)",0.4,0.4,0.4,0.4,0.4,0.5,0.5,0.5,0.4,0.2,0.6,0.4,0.4
"..Region VII (Central Visayas)","08.1.3.2 - Peripheral equipment and its consumable components (D)",4.0,4.0,4.0,4.0,4.0,4.7,5.5,3.9,3.7,3.4,1.8,1.8,3.7
"..Region VII (Central Visayas)","08.1.4 - Equipment for the reception, recording and reproduction of sound and vision (D)",1.8,1.8,1.7,1.7,1.7,2.1,2.1,1.9,1.6,1.7,1.1,1.1,1.7
"..Region VII (Central Visayas)","08.1.4.0 - Equipment for the reception, recording and reproduction of sound and vision (D)",1.8,1.8,1.7,1.7,1.7,2.1,2.1,1.9,1.6,1.6,1.0,1.0,1.7
"..Region VII (Central Visayas)","08.1.5 - Unrecorded recording media (SD)",0.2,0.2,0.2,0.2,0.2,0.8,0.8,1.0,0.6,0.7,0.7,0.9,0.5
"..Region VII (Central Visayas)","08.1.5.0 - Unrecorded recording media (SD)",0.2,0.2,0.2,0.2,0.2,0.7,0.8,0.9,0.6,0.8,0.7,0.9,0.5
"..Region VII (Central Visayas)","08.3 - INFORMATION AND COMMUNICATION SERVICES",1.2,1.2,1.2,1.2,1.2,1.0,0.7,0.7,0.0,0.2,0.2,0.2,0.7
"..Region VII (Central Visayas)","08.3.1 - Fixed communication services (S)",0.0,0.0,0.0,0.0,0.0,0.0,0.0,0.0,0.0,0.0,0.0,0.0,0.0
"..Region VII (Central Visayas)","08.3.1.0 - Fixed communication services (S)",0.0,0.0,0.0,0.0,0.0,0.0,0.0,0.0,0.0,0.0,0.0,0.0,0.0
"..Region VII (Central Visayas)","08.3.2 - Mobile communication services (S)",1.4,1.4,1.4,1.4,1.4,1.2,0.9,0.9,0.0,0.1,0.1,0.1,0.8
"..Region VII (Central Visayas)","08.3.2.0 - Mobile communication services (S)",1.4,1.4,1.4,1.4,1.4,1.1,0.9,0.9,0.0,0.2,0.2,0.2,0.9
"..Region VII (Central Visayas)","08.3.3 - Internet access provision services and net storage services (S)",0.1,0.1,0.1,0.1,0.1,0.1,0.0,0.0,0.0,0.0,0.0,0.0,0.0
"..Region VII (Central Visayas)","08.3.3.0 - Internet access provision services and net storage services (S)",0.0,0.0,0.0,0.0,0.0,0.0,0.0,0.0,0.0,0.0,0.0,0.0,0.0
"..Region VII (Central Visayas)","08.3.5 - Repair and rental of information and communication equipment (S)",5.9,5.9,5.9,3.8,3.8,3.8,3.8,3.8,3.8,0.0,0.0,0.0,3.3
"..Region VII (Central Visayas)","08.3.5.0 - Repair and rental of information and communication equipment (S)",5.9,5.9,5.9,3.9,3.9,3.9,3.9,3.9,3.9,0.0,0.0,0.0,3.4
"..Region VII (Central Visayas)","09 - RECREATION, SPORT AND CULTURE",2.0,2.1,2.2,2.2,2.3,2.3,1.8,2.3,2.5,3.5,3.7,3.6,2.5
"..Region VII (Central Visayas)","09.1 - RECREATIONAL DURABLES",0.0,0.0,0.0,0.0,0.0,0.0,0.0,0.0,0.0,0.0,0.0,0.0,0.0
"..Region VII (Central Visayas)","09.1.1 - Photographic and cinematographic equipment and optical instruments (D)",0.0,0.0,0.0,0.0,0.0,0.0,0.0,0.0,0.0,0.0,0.0,0.0,0.0
"..Region VII (Central Visayas)","09.1.1.1 - Cameras (D)",0.0,0.0,0.0,0.0,0.0,0.0,0.0,0.0,0.0,0.0,0.0,0.0,0.0
"..Region VII (Central Visayas)","09.2 - OTHER RECREATIONAL GOODS",0.5,0.5,0.5,0.5,0.5,0.5,0.5,0.5,0.4,0.5,0.5,0.5,0.5
"..Region VII (Central Visayas)","09.2.1 - Games, toys and hobbies (SD)",0.3,0.3,0.3,0.3,0.3,0.3,0.3,0.3,0.2,0.1,0.1,0.2,0.2
"..Region VII (Central Visayas)","09.2.1.2 - Other games, toys and hobbies (SD)",0.3,0.3,0.3,0.3,0.3,0.3,0.3,0.3,0.2,0.1,0.1,0.1,0.2
"..Region VII (Central Visayas)","09.2.2 - Equipment for sport, camping and open-air recreation (SD)",1.3,1.3,1.3,1.3,1.3,1.3,1.3,1.3,1.3,2.3,2.3,2.3,1.5
"..Region VII (Central Visayas)","09.2.2.1 - Equipment for sport (SD)",1.3,1.3,1.3,1.3,1.3,1.3,1.3,1.3,1.3,2.2,2.2,2.2,1.6
"..Region VII (Central Visayas)","09.2.2.2 - Equipment for camping and open-air recreation (SD)",..,..,..,..,..,..,..,..,..,..,..,..,..
"..Region VII (Central Visayas)","09.3 - GARDEN PRODUCTS AND PETS",5.2,5.6,5.3,5.4,5.4,5.3,3.6,3.4,2.3,2.3,2.0,1.1,3.9
"..Region VII (Central Visayas)","09.3.1 - Garden products, plants and flowers (ND)",3.5,4.2,4.3,4.3,4.4,4.4,4.4,4.3,2.0,2.0,1.5,1.5,3.4
"..Region VII (Central Visayas)","09.3.1.1 - Garden products (ND)",4.9,6.2,6.3,6.4,6.4,6.5,6.5,6.2,2.7,2.2,1.9,1.9,4.8
"..Region VII (Central Visayas)","09.3.1.2 - Plants, seeds and flowers (ND)",2.1,2.1,2.1,2.1,2.1,2.1,2.1,2.2,1.3,1.7,1.0,1.2,1.8
"..Region VII (Central Visayas)","09.3.2 - Pets and products for pets (ND)",6.5,6.5,6.1,6.2,6.2,6.0,3.1,3.0,2.6,2.6,2.4,0.8,4.3
"..Region VII (Central Visayas)","09.3.2.2 - Products for pets and other household animals (ND)",6.5,6.5,6.0,6.1,6.2,6.0,3.0,2.9,2.5,2.5,2.4,0.7,4.2
"..Region VII (Central Visayas)","09.4 - RECREATIONAL SERVICES",0.0,0.0,0.0,0.0,0.0,0.1,0.1,0.1,0.1,0.1,0.1,0.1,0.1
"..Region VII (Central Visayas)","09.4.6 - Recreational and sporting services (S)",1.5,1.8,1.8,1.8,1.8,1.9,1.7,1.7,0.6,0.8,0.8,1.4,1.4
"..Region VII (Central Visayas)","09.4.6.2 - Sporting services - practice (S)",1.5,1.8,1.8,1.8,1.8,1.9,1.7,1.7,0.5,0.8,0.8,1.4,1.5
"..Region VII (Central Visayas)","09.4.7 - Games of chance (S)",0.0,0.0,0.0,0.0,0.0,0.0,0.0,0.0,0.0,0.0,0.0,0.0,0.0
"..Region VII (Central Visayas)","09.4.7.0 - Games of chance (S)",0.0,0.0,0.0,0.0,0.0,0.0,0.0,0.0,0.0,0.0,0.0,0.0,0.0
"..Region VII (Central Visayas)","09.5 - CULTURAL GOODS",0.0,1.3,1.3,1.3,1.3,1.3,1.3,1.3,1.4,2.7,2.7,2.7,1.5
"..Region VII (Central Visayas)","09.5.1 - Musical instruments (D)",0.0,1.3,1.3,1.3,1.3,1.3,1.3,1.3,1.4,2.7,2.7,2.7,1.5
"..Region VII (Central Visayas)","09.5.1.0 - Musical instruments (D)",0.0,1.3,1.3,1.3,1.3,1.3,1.3,1.3,1.4,2.6,2.6,2.6,1.5
"..Region VII (Central Visayas)","09.6 - CULTURAL SERVICES",0.9,1.0,1.0,1.1,1.1,1.1,1.0,1.0,0.6,0.0,0.1,0.3,0.8
"..Region VII (Central Visayas)","09.6.1 - Services provided by cinemas, theatres and concert venues (S)",0.0,0.2,0.2,0.5,0.5,0.5,0.5,0.6,0.6,0.0,0.1,0.8,0.4
"..Region VII (Central Visayas)","09.6.1.0 - Services provided by cinemas, theatres and concert venues (S)",0.0,0.2,0.2,0.4,0.4,0.4,0.4,0.6,0.6,0.0,0.1,0.8,0.4
"..Region VII (Central Visayas)","09.6.3 - Photographic services (S)",..,..,..,..,..,..,..,..,..,..,..,..,..
"..Region VII (Central Visayas)","09.6.3.0 - Photographic services (S)",..,..,..,..,..,..,..,..,..,..,..,..,..
"..Region VII (Central Visayas)","09.6.9 - Other cultural services (S)",1.3,1.3,1.3,1.3,1.3,1.3,1.3,1.3,0.7,0.0,0.0,0.0,0.9
"..Region VII (Central Visayas)","09.6.9.0 - Other cultural services (S)",1.3,1.4,1.4,1.4,1.4,1.4,1.3,1.3,0.7,0.0,0.0,0.0,1.0
"..Region VII (Central Visayas)","09.7 - NEWSPAPERS, BOOKS AND STATIONERY",2.6,2.7,2.8,2.9,3.1,3.0,2.6,3.4,4.1,6.2,6.8,6.9,3.9
"..Region VII (Central Visayas)","09.7.1 - Books (SD)",0.6,0.6,0.6,0.6,0.9,0.9,0.9,1.7,1.4,4.5,4.1,4.1,1.7
"..Region VII (Central Visayas)","09.7.1.1 - Educational and textbooks in printed or electronic copy (SD)",0.9,0.9,0.9,0.9,1.4,1.4,1.4,2.7,2.2,7.4,6.9,6.9,2.8
"..Region VII (Central Visayas)","09.7.1.9 - Other books (SD) in printed or electronic copy",0.1,0.1,0.1,0.1,0.1,0.1,0.1,0.1,0.0,0.0,0.0,0.0,0.0
"..Region VII (Central Visayas)","09.7.2 - Newspapers and periodicals (ND)",0.5,0.5,0.5,0.5,0.5,0.5,0.5,0.3,0.3,0.1,0.2,0.2,0.4
"..Region VII (Central Visayas)","09.7.2.1 - Newspapers (ND)",1.0,1.0,1.1,1.1,1.1,1.1,1.1,0.8,0.6,0.2,0.3,0.3,0.8
"..Region VII (Central Visayas)","09.7.2.2 - Magazines and periodicals (ND)",0.0,0.0,0.0,0.0,0.0,0.0,0.0,0.0,0.0,0.0,0.0,0.0,0.0
"..Region VII (Central Visayas)","09.7.4 - Stationery and drawing materials (ND)",3.4,3.6,3.8,3.9,3.9,3.9,3.2,4.2,5.3,7.2,8.3,8.2,4.9
"..Region VII (Central Visayas)","09.7.4.0 - Stationery and drawing materials (ND)",3.4,3.6,3.7,3.9,3.9,3.9,3.2,4.2,5.3,7.2,8.3,8.3,4.9
"..Region VII (Central Visayas)","09.8 - PACKAGE HOLIDAYS (S)",0.0,0.0,0.0,0.0,0.0,0.0,0.0,0.0,0.0,0.0,0.0,0.0,0.0
"..Region VII (Central Visayas)","09.8.0 - Package holidays (S)",0.0,0.0,0.0,0.0,0.0,0.0,0.0,0.0,0.0,0.0,0.0,0.0,0.0
"..Region VII (Central Visayas)","09.8.0.0 - Package holidays (S)",0.0,0.0,0.0,0.0,0.0,0.0,0.0,0.0,0.0,0.0,0.0,0.0,0.0
"..Region VII (Central Visayas)","10 - EDUCATION SERVICES",5.9,5.9,5.9,5.9,5.9,5.9,5.9,6.3,5.8,5.2,1.5,1.5,5.1
"..Region VII (Central Visayas)","10.1 - EARLY CHILDHOOD AND PRIMARY EDUCATION",4.3,4.3,4.3,4.3,4.3,4.3,4.3,4.6,2.8,2.2,1.1,1.1,3.5
"..Region VII (Central Visayas)","10.1.0 - Early chilhood and primary education (S)",4.3,4.3,4.3,4.3,4.3,4.3,4.3,4.6,2.8,2.2,1.1,1.1,3.5
"..Region VII (Central Visayas)","10.1.0.1 - Early childhood education services (S)",6.8,6.8,6.8,6.8,6.8,6.8,6.8,7.7,6.4,4.4,0.9,0.9,5.6
"..Region VII (Central Visayas)","10.1.0.2 - Primary education (S)",3.0,3.0,3.0,3.0,3.0,3.0,3.0,3.2,1.3,1.3,1.3,1.3,2.5
"..Region VII (Central Visayas)","10.2 - SECONDARY EDUCATION  (S)",12.0,12.0,12.0,12.0,12.0,12.0,12.0,11.7,11.9,11.2,0.8,0.8,9.9
"..Region VII (Central Visayas)","10.2.0 - Secondary education (S)",12.0,12.0,12.0,12.0,12.0,12.0,12.0,11.7,11.9,11.2,0.8,0.8,9.9
"..Region VII (Central Visayas)","10.2.0.1 - Lower secondary general education services",12.0,12.0,12.0,12.0,12.0,12.0,12.0,11.7,11.9,11.3,0.9,0.9,9.9
"..Region VII (Central Visayas)","10.2.0.2 - Lower secondary technical-vocational livelihood programs services",..,..,..,..,..,..,..,..,..,..,..,..,..
"..Region VII (Central Visayas)","10.4 - TERTIARY EDUCATION (S)",3.0,3.0,3.0,3.0,3.0,3.0,3.0,3.9,3.6,2.9,2.1,2.1,3.0
"..Region VII (Central Visayas)","10.4.0 - Tertiary education (s)",3.0,3.0,3.0,3.0,3.0,3.0,3.0,3.9,3.6,2.9,2.1,2.1,3.0
"..Region VII (Central Visayas)","10.4.0.0 - Tertiary education (s)",3.0,3.0,3.0,3.0,3.0,3.0,3.0,3.9,3.5,2.9,2.1,2.1,2.9
"..Region VII (Central Visayas)","10.5 - EDUCATION NOT DEFINED BY LEVEL (S)",0.0,0.0,0.0,0.0,0.0,0.0,0.0,0.0,0.0,0.0,0.0,0.0,0.0
"..Region VII (Central Visayas)","10.5.0 - Education not defined by level (s)",0.0,0.0,0.0,0.0,0.0,0.0,0.0,0.0,0.0,0.0,0.0,0.0,0.0
"..Region VII (Central Visayas)","10.5.0.2 - Review classes for professional and licensure examination (S)",..,..,..,..,..,..,..,..,..,..,..,..,..
"..Region VII (Central Visayas)","10.5.0.9 - Other education not defined by level (S)",0.0,0.0,0.0,0.0,0.0,0.0,0.0,0.0,0.0,0.0,0.0,0.0,0.0
"..Region VII (Central Visayas)","11 - RESTAURANTS AND ACCOMMODATION SERVICES",6.9,6.1,6.0,6.1,6.0,6.2,4.3,4.0,3.7,3.9,4.1,4.0,5.1
"..Region VII (Central Visayas)","11.1 - FOOD AND BEVERAGE SERVING SERVICES",6.8,6.1,6.0,6.1,6.0,6.1,4.2,3.9,3.6,3.8,4.0,3.9,5.0
"..Region VII (Central Visayas)","11.1.1 - Restaurants, café and the like (S)",6.8,6.1,6.0,6.1,6.0,6.1,4.2,3.9,3.6,3.8,4.0,3.9,5.0
"..Region VII (Central Visayas)","11.1.1.1 - Restaurants, café and the like - with full service (S)",6.9,6.0,5.9,6.0,6.0,6.1,4.2,3.9,3.6,3.9,4.0,4.0,5.0
"..Region VII (Central Visayas)","11.2 - ACCOMMODATION SERVICES",10.6,10.6,10.6,10.6,10.6,14.4,11.6,11.6,13.7,9.4,9.4,9.2,11.0
"..Region VII (Central Visayas)","11.2.0 - Accommodation services (S)",10.6,10.6,10.6,10.6,10.6,14.4,11.6,11.6,13.7,9.4,9.4,9.2,11.0
"..Region VII (Central Visayas)","11.2.0.1 - Hotels, motels, inns and similar accommodation services (S)",10.6,10.6,10.6,10.6,10.6,14.4,11.7,11.7,13.8,9.4,9.5,9.2,11.0
"..Region VII (Central Visayas)","12 - FINANCIAL SERVICES",0.0,0.0,0.0,0.0,0.0,0.0,0.0,0.0,0.0,0.0,0.0,0.0,0.0
"..Region VII (Central Visayas)","12.2 - FINANCIAL SERVICES",0.0,0.0,0.0,0.0,0.0,0.0,0.0,0.0,0.0,0.0,0.0,0.0,0.0
"..Region VII (Central Visayas)","12.2.1 - Financial intermediation services indirectly measured (S)",0.0,0.0,0.0,0.0,0.0,0.0,0.0,0.0,0.0,0.0,0.0,0.0,0.0
"..Region VII (Central Visayas)","12.2.1.0 - Financial intermediation services indirectly measured (S)",0.0,0.0,0.0,0.0,0.0,0.0,0.0,0.0,0.0,0.0,0.0,0.0,0.0
"..Region VII (Central Visayas)","12.2.9 - Other financial services (S)",0.0,0.0,0.0,0.0,0.0,0.0,0.0,0.0,0.0,0.0,0.0,0.0,0.0
"..Region VII (Central Visayas)","12.2.9.1 - Remittances fees (S)",0.0,0.0,0.0,0.0,0.0,0.0,0.0,0.0,0.0,0.0,0.0,0.0,0.0
"..Region VII (Central Visayas)","13 - PERSONAL CARE, AND MISCELLANEOUS GOODS AND SERVICES",3.7,3.9,3.9,4.0,4.0,5.2,4.9,5.1,4.4,4.9,4.5,4.5,4.4
"..Region VII (Central Visayas)","13.1 - PERSONAL CARE",4.1,4.2,4.3,4.4,4.5,5.8,5.5,5.6,4.9,5.3,4.9,4.9,4.9
"..Region VII (Central Visayas)","13.1.1 - Electric appliances for personal care (SD)",..,..,..,..,..,..,..,..,..,..,..,..,..
"..Region VII (Central Visayas)","13.1.1.1 - Electric appliances for personal care (SD)",..,..,..,..,..,..,..,..,..,..,..,..,..
"..Region VII (Central Visayas)","13.1.2 - Other appliances, articles and products for personal care (ND)",3.7,3.8,3.8,4.2,4.4,4.8,4.4,4.6,3.7,4.0,3.5,3.4,4.0
"..Region VII (Central Visayas)","13.1.2.0 - Other appliances, articles and products for personal care (ND)",3.7,3.8,3.8,4.1,4.4,4.8,4.3,4.6,3.7,4.0,3.5,3.4,4.0
"..Region VII (Central Visayas)","13.1.3 - Hairdressing salons and personal grooming establishments (S)",6.9,7.1,7.1,5.4,5.0,11.2,12.1,12.0,11.5,12.6,12.6,13.0,9.8
"..Region VII (Central Visayas)","13.1.3.1 - Hairdressing (S)",5.5,5.2,5.1,5.6,4.6,10.7,12.1,12.0,11.7,12.9,12.7,13.2,9.3
"..Region VII (Central Visayas)","13.1.3.2 - Personal grooming treatments (S)",8.3,8.8,8.8,5.4,5.4,11.5,12.1,12.0,11.3,12.3,12.5,12.8,10.1
"..Region VII (Central Visayas)","13.2 - OTHER PERSONAL EFFECTS",0.5,0.5,0.5,0.6,0.7,0.7,0.7,0.7,0.8,1.5,1.6,1.8,0.9
"..Region VII (Central Visayas)","13.2.1 - Jewellery and watches (D)",0.0,0.0,0.0,0.0,0.0,0.0,0.0,0.0,0.3,0.7,1.2,1.5,0.3
"..Region VII (Central Visayas)","13.2.1.1 - Jewellery and watches (D)",0.0,0.0,0.0,0.0,0.0,0.0,0.0,0.0,0.4,0.6,1.2,1.2,0.3
"..Region VII (Central Visayas)","13.2.1.2 - Repair and hire of jewellery, clocks and watches (S)",0.0,0.0,0.0,0.0,0.0,0.0,0.0,0.0,0.0,0.9,1.2,2.4,0.4
"..Region VII (Central Visayas)","13.2.9 - Other personal effects n.e.c. (SD)",0.7,0.7,0.7,1.0,1.1,1.1,1.1,1.1,1.2,2.0,1.9,2.0,1.2
"..Region VII (Central Visayas)","13.2.9.1 - Travel goods and articles for babies and other personal effects n.e.c. (SD)",0.7,0.7,0.7,1.0,1.1,1.1,1.1,1.1,1.1,2.0,1.9,2.0,1.2
"..Region VII (Central Visayas)","13.9 - OTHER SERVICES",0.0,0.0,0.0,0.0,0.0,0.0,0.0,0.0,0.0,0.0,0.0,0.0,0.0
"..Region VII (Central Visayas)","13.9.0 - Other services (S)",0.0,0.0,0.0,0.0,0.0,0.0,0.0,0.0,0.0,0.0,0.0,0.0,0.0
"..Region VII (Central Visayas)","13.9.0.9 - Other services n.e.c. (S)",0.0,0.0,0.0,0.0,0.0,0.0,0.0,0.0,0.0,0.0,0.0,0.0,0.0
