"Geolocation","Commodity Description","2024 Jan","2024 Feb","2024 Mar","2024 Apr","2024 May","2024 Jun","2024 Jul","2024 Aug","2024 Sep","2024 Oct","2024 Nov","2024 Dec","2024 Ave"
"....Oriental Mindoro","0 - ALL ITEMS",2.5,2.1,..,..,..,..,..,..,..,..,..,..,..
"....Oriental Mindoro","01 - FOOD AND NON-ALCOHOLIC BEVERAGES",1.6,1.8,..,..,..,..,..,..,..,..,..,..,..
"....Oriental Mindoro","01.1 - FOOD",1.7,1.9,..,..,..,..,..,..,..,..,..,..,..
"....Oriental Mindoro","01.1.1 - Cereals and cereal products (ND)",8.5,11.7,..,..,..,..,..,..,..,..,..,..,..
"....Oriental Mindoro","01.1.1.1 - Cereals (ND)",10.0,14.1,..,..,..,..,..,..,..,..,..,..,..
"....Oriental Mindoro","01.1.1.12 - Rice",10.3,14.4,..,..,..,..,..,..,..,..,..,..,..
"....Oriental Mindoro","01.1.1.16 - Corn",-7.6,-5.1,..,..,..,..,..,..,..,..,..,..,..
"....Oriental Mindoro","01.1.1.20 - FLOUR, BREAD AND OTHER BAKERY PRODUCTS, PASTA PRODUCTS,  AND OTHER CEREALS",3.3,3.3,..,..,..,..,..,..,..,..,..,..,..
"....Oriental Mindoro","01.1.1.2 - Flour of cereals (ND)",-0.9,-0.3,..,..,..,..,..,..,..,..,..,..,..
"....Oriental Mindoro","01.1.1.3 - Bread and bakery products (ND)",3.4,2.9,..,..,..,..,..,..,..,..,..,..,..
"....Oriental Mindoro","01.1.1.4 - Breakfast cereals (ND)",21.9,19.8,..,..,..,..,..,..,..,..,..,..,..
"....Oriental Mindoro","01.1.1.5 - Macaroni, noodles, couscous and similar pasta products (ND)",3.2,4.6,..,..,..,..,..,..,..,..,..,..,..
"....Oriental Mindoro","01.1.1.9 - Other cereal and grain mill products (ND)",2.0,1.7,..,..,..,..,..,..,..,..,..,..,..
"....Oriental Mindoro","01.1.2 - Meat and other parts of slaughtered land animals (ND)",-2.6,-3.0,..,..,..,..,..,..,..,..,..,..,..
"....Oriental Mindoro","01.1.2.2 - Meat, fresh, chilled or frozen (ND)",-4.4,-4.8,..,..,..,..,..,..,..,..,..,..,..
"....Oriental Mindoro","01.1.2.3 - Meat, dried, salted, in brine or smoked (ND)",1.3,0.5,..,..,..,..,..,..,..,..,..,..,..
"....Oriental Mindoro","01.1.2.4 - Offal, blood and other parts of slaughtered animals, fresh, chilled or frozen, dried, salted, in brine or smoked (ND)",0.4,1.2,..,..,..,..,..,..,..,..,..,..,..
"....Oriental Mindoro","01.1.2.5 - Meat, offal, blood and other parts of slaughtered animals' preparations (ND)",3.3,3.0,..,..,..,..,..,..,..,..,..,..,..
"....Oriental Mindoro","01.1.3 - Fish and other seafood (ND)",3.8,-0.5,..,..,..,..,..,..,..,..,..,..,..
"....Oriental Mindoro","01.1.3.1 - Fish, live, fresh, chilled or frozen (ND)",2.6,-2.5,..,..,..,..,..,..,..,..,..,..,..
"....Oriental Mindoro","01.1.3.2 - Fish, dried, salted, in brine or smoked (ND)",3.9,2.4,..,..,..,..,..,..,..,..,..,..,..
"....Oriental Mindoro","01.1.3.3 - Fish preparations (ND)",5.6,3.8,..,..,..,..,..,..,..,..,..,..,..
"....Oriental Mindoro","01.1.3.4 - Other seafood, live, fresh, chilled or frozen (ND)",14.5,10.3,..,..,..,..,..,..,..,..,..,..,..
"....Oriental Mindoro","01.1.3.6 - Other seafood preparations (ND)",-1.3,-1.1,..,..,..,..,..,..,..,..,..,..,..
"....Oriental Mindoro","01.1.4 - Milk, other dairy products and eggs (ND)",2.2,-2.9,..,..,..,..,..,..,..,..,..,..,..
"....Oriental Mindoro","01.1.4.1 - Raw and whole milk (ND)",..,..,..,..,..,..,..,..,..,..,..,..,..
"....Oriental Mindoro","01.1.4.3 - Other milk and cream (ND)",1.5,-0.1,..,..,..,..,..,..,..,..,..,..,..
"....Oriental Mindoro","01.1.4.4 - Non-animal milk (ND)",..,..,..,..,..,..,..,..,..,..,..,..,..
"....Oriental Mindoro","01.1.4.5 - Cheese (ND)",3.4,2.9,..,..,..,..,..,..,..,..,..,..,..
"....Oriental Mindoro","01.1.4.6 - Yoghurt and similar products (ND)",..,..,..,..,..,..,..,..,..,..,..,..,..
"....Oriental Mindoro","01.1.4.7 - Milk-based dessert and beverages (ND)",..,..,..,..,..,..,..,..,..,..,..,..,..
"....Oriental Mindoro","01.1.4.8 - Eggs (ND)",2.5,-4.7,..,..,..,..,..,..,..,..,..,..,..
"....Oriental Mindoro","01.1.5 - Oils and fats (ND)",-13.5,-14.6,..,..,..,..,..,..,..,..,..,..,..
"....Oriental Mindoro","01.1.5.1 - Vegetable oils (ND)",-16.0,-17.5,..,..,..,..,..,..,..,..,..,..,..
"....Oriental Mindoro","01.1.5.2 - Butter and other fats and oils derived from milk (ND)",-0.8,-2.3,..,..,..,..,..,..,..,..,..,..,..
"....Oriental Mindoro","01.1.5.3 - Margarine and similar preparations (ND)",-2.6,-1.0,..,..,..,..,..,..,..,..,..,..,..
"....Oriental Mindoro","01.1.5.9 - Other animal oils and fats (ND)",..,..,..,..,..,..,..,..,..,..,..,..,..
"....Oriental Mindoro","01.1.6 - Fruits and nuts (ND)",6.4,-3.4,..,..,..,..,..,..,..,..,..,..,..
"....Oriental Mindoro","01.1.6.1 - Dates, figs and tropical fruits, fresh (ND)",6.7,-5.0,..,..,..,..,..,..,..,..,..,..,..
"....Oriental Mindoro","01.1.6.2 - Citrus fruits, fresh (ND)",-12.4,-12.6,..,..,..,..,..,..,..,..,..,..,..
"....Oriental Mindoro","01.1.6.3 - Stone fruits and pome fruits, fresh (ND)",18.2,20.7,..,..,..,..,..,..,..,..,..,..,..
"....Oriental Mindoro","01.1.6.5 - Other fruits, fresh (ND)",16.4,16.3,..,..,..,..,..,..,..,..,..,..,..
"....Oriental Mindoro","01.1.6.7 - Fruit, dried and dehydrated (ND)",76.6,83.5,..,..,..,..,..,..,..,..,..,..,..
"....Oriental Mindoro","01.1.6.8 - Nuts, in shell or shelled (ND)",17.6,30.3,..,..,..,..,..,..,..,..,..,..,..
"....Oriental Mindoro","01.1.6.9 - Fruit and nuts ground and other preparations (ND)",4.2,4.0,..,..,..,..,..,..,..,..,..,..,..
"....Oriental Mindoro","01.1.7 - Vegetables, tubers, plantains, cooking bananas and pulses (ND)",-13.5,-3.4,..,..,..,..,..,..,..,..,..,..,..
"....Oriental Mindoro","01.1.7.1 - Leafy or stem vegetables, fresh or chilled (ND)",11.7,11.7,..,..,..,..,..,..,..,..,..,..,..
"....Oriental Mindoro","01.1.7.2 - Fruit-bearing vegetables, fresh or chilled (ND)",-6.0,2.3,..,..,..,..,..,..,..,..,..,..,..
"....Oriental Mindoro","01.1.7.3 - Green leguminous vegetables, fresh or chilled (ND)",-4.7,1.2,..,..,..,..,..,..,..,..,..,..,..
"....Oriental Mindoro","01.1.7.4 - Other vegetables, fresh or chilled (ND)",-39.0,-22.4,..,..,..,..,..,..,..,..,..,..,..
"....Oriental Mindoro","01.1.7.5 - Tubers, plantains and cooking bananas (ND)",4.0,5.6,..,..,..,..,..,..,..,..,..,..,..
"....Oriental Mindoro","01.1.7.9 - Vegetables, tubers, plantains, cooking bananas and pulses ground and other preparations (ND)",2.6,0.5,..,..,..,..,..,..,..,..,..,..,..
"....Oriental Mindoro","01.1.8 - Sugar, confectionery and desserts (ND)",-2.8,-5.0,..,..,..,..,..,..,..,..,..,..,..
"....Oriental Mindoro","01.1.8.1 - Cane and beet sugar (ND)",-9.3,-13.1,..,..,..,..,..,..,..,..,..,..,..
"....Oriental Mindoro","01.1.8.3 - Jams, fruit jellies, marmalades, fruit purée and pastes, honey (ND)",3.0,3.0,..,..,..,..,..,..,..,..,..,..,..
"....Oriental Mindoro","01.1.8.4 - Nut purée, nut butter and nut pastes (ND)",3.2,1.7,..,..,..,..,..,..,..,..,..,..,..
"....Oriental Mindoro","01.1.8.5 - Chocolate, cocoa, and cocoa-based food products (ND)",18.2,21.8,..,..,..,..,..,..,..,..,..,..,..
"....Oriental Mindoro","01.1.8.6 - Ice, ice cream and sorbet (ND)",2.8,2.8,..,..,..,..,..,..,..,..,..,..,..
"....Oriental Mindoro","01.1.8.9 - Other sugar confectionery and desserts n.e.c. (ND)",4.3,4.8,..,..,..,..,..,..,..,..,..,..,..
"....Oriental Mindoro","01.1.9 - Ready-made food and other food products n.e.c. (ND)",4.9,5.8,..,..,..,..,..,..,..,..,..,..,..
"....Oriental Mindoro","01.1.9.2 - Baby food (ND)",1.5,1.1,..,..,..,..,..,..,..,..,..,..,..
"....Oriental Mindoro","01.1.9.3 - Salt, condiments and sauces (ND)",4.4,3.9,..,..,..,..,..,..,..,..,..,..,..
"....Oriental Mindoro","01.1.9.4 - Spices, culinary herbs and seeds (ND)",7.5,11.7,..,..,..,..,..,..,..,..,..,..,..
"....Oriental Mindoro","01.1.9.9 - Other food products n.e.c. (ND)",17.1,19.2,..,..,..,..,..,..,..,..,..,..,..
"....Oriental Mindoro","01.2 - NON-ALCOHOLIC BEVERAGES",-1.1,-1.5,..,..,..,..,..,..,..,..,..,..,..
"....Oriental Mindoro","01.2.1 - Fruit and vegetable juices (ND)",1.1,0.7,..,..,..,..,..,..,..,..,..,..,..
"....Oriental Mindoro","01.2.1.0 - Fruit and vegetable juices (ND)",1.0,0.7,..,..,..,..,..,..,..,..,..,..,..
"....Oriental Mindoro","01.2.2 - Coffee and coffee substitutes (ND)",-5.5,-6.0,..,..,..,..,..,..,..,..,..,..,..
"....Oriental Mindoro","01.2.2.0 - Coffee and coffee substitutes (ND)",-5.5,-5.9,..,..,..,..,..,..,..,..,..,..,..
"....Oriental Mindoro","01.2.3 - Tea, maté and other plant products for infusion (ND)",8.5,7.7,..,..,..,..,..,..,..,..,..,..,..
"....Oriental Mindoro","01.2.3.0 - Tea, maté and other plant products for infusion (ND)",8.5,7.7,..,..,..,..,..,..,..,..,..,..,..
"....Oriental Mindoro","01.2.4 - Cocoa drinks (ND)",3.6,3.5,..,..,..,..,..,..,..,..,..,..,..
"....Oriental Mindoro","01.2.4.0 - Cocoa drinks (ND)",3.7,3.4,..,..,..,..,..,..,..,..,..,..,..
"....Oriental Mindoro","01.2.5 - Water (ND)",1.6,1.7,..,..,..,..,..,..,..,..,..,..,..
"....Oriental Mindoro","01.2.5.0 - Water (ND)",1.6,1.7,..,..,..,..,..,..,..,..,..,..,..
"....Oriental Mindoro","01.2.6 - Soft drinks (ND)",8.3,6.9,..,..,..,..,..,..,..,..,..,..,..
"....Oriental Mindoro","01.2.6.0 - Soft drinks (ND)",8.3,6.9,..,..,..,..,..,..,..,..,..,..,..
"....Oriental Mindoro","01.2.9 - Other non-alcoholic beverages (ND)",3.8,3.5,..,..,..,..,..,..,..,..,..,..,..
"....Oriental Mindoro","01.2.9.0 - Other non-alcoholic beverages (ND)",3.8,3.5,..,..,..,..,..,..,..,..,..,..,..
"....Oriental Mindoro","02 - ALCOHOLIC BEVERAGES AND TOBACCO",10.2,9.7,..,..,..,..,..,..,..,..,..,..,..
"....Oriental Mindoro","02.1 - ALCOHOLIC BEVERAGES",5.2,4.7,..,..,..,..,..,..,..,..,..,..,..
"....Oriental Mindoro","02.1.1 - Spirits and liquors (ND)",6.2,5.7,..,..,..,..,..,..,..,..,..,..,..
"....Oriental Mindoro","02.1.1.0 - Spirits and liquors (ND)",6.2,5.7,..,..,..,..,..,..,..,..,..,..,..
"....Oriental Mindoro","02.1.2 - Wine (ND)",-2.3,-2.5,..,..,..,..,..,..,..,..,..,..,..
"....Oriental Mindoro","02.1.2.1 - Wine from grapes (ND)",-8.9,-9.5,..,..,..,..,..,..,..,..,..,..,..
"....Oriental Mindoro","02.1.2.2 - Wine from other sources (ND)",0.0,0.0,..,..,..,..,..,..,..,..,..,..,..
"....Oriental Mindoro","02.1.3 - Beer (ND)",0.5,-0.2,..,..,..,..,..,..,..,..,..,..,..
"....Oriental Mindoro","02.1.3.0 - Beer (ND)",0.5,-0.2,..,..,..,..,..,..,..,..,..,..,..
"....Oriental Mindoro","02.3 - TOBACCO",12.9,12.4,..,..,..,..,..,..,..,..,..,..,..
"....Oriental Mindoro","02.3.0 - Tobacco (ND)",12.9,12.4,..,..,..,..,..,..,..,..,..,..,..
"....Oriental Mindoro","02.3.0.1 - Cigarettes (ND)",12.9,12.5,..,..,..,..,..,..,..,..,..,..,..
"....Oriental Mindoro","02.3.0.2 - Cigars (ND)",..,..,..,..,..,..,..,..,..,..,..,..,..
"....Oriental Mindoro","02.3.0.9 - Other tobacco products (ND)",15.8,14.6,..,..,..,..,..,..,..,..,..,..,..
"....Oriental Mindoro","02.4 - OTHER VEGETABLE-BASED TOBACCO PRODUCTS",..,..,..,..,..,..,..,..,..,..,..,..,..
"....Oriental Mindoro","02.4.0 - Other vegetable-based tobacco products (ND)",..,..,..,..,..,..,..,..,..,..,..,..,..
"....Oriental Mindoro","02.4.0.0 - Other vegetable-based tobacco products (ND)",..,..,..,..,..,..,..,..,..,..,..,..,..
"....Oriental Mindoro","02.900 - NON-FOOD",2.8,2.0,..,..,..,..,..,..,..,..,..,..,..
"....Oriental Mindoro","03 - CLOTHING AND FOOTWEAR",7.1,5.2,..,..,..,..,..,..,..,..,..,..,..
"....Oriental Mindoro","03.1 - CLOTHING",7.7,5.4,..,..,..,..,..,..,..,..,..,..,..
"....Oriental Mindoro","03.1.1 - Clothing materials (SD)",1.2,1.2,..,..,..,..,..,..,..,..,..,..,..
"....Oriental Mindoro","03.1.1.0 - Clothing materials (SD)",1.3,1.3,..,..,..,..,..,..,..,..,..,..,..
"....Oriental Mindoro","03.1.2 - Garments (SD)",7.7,5.3,..,..,..,..,..,..,..,..,..,..,..
"....Oriental Mindoro","03.1.2.1 - Garments for men or boys (SD)",9.9,7.2,..,..,..,..,..,..,..,..,..,..,..
"....Oriental Mindoro","03.1.2.2 - Garments for women or girls (SD)",5.4,3.3,..,..,..,..,..,..,..,..,..,..,..
"....Oriental Mindoro","03.1.2.3 - Garments for infants (0 to under 2 years) (SD)",0.4,-0.5,..,..,..,..,..,..,..,..,..,..,..
"....Oriental Mindoro","03.1.2.4 - School uniforms (SD)",..,..,..,..,..,..,..,..,..,..,..,..,..
"....Oriental Mindoro","03.1.3 - Other articles of clothing and clothing accessories (SD)",1.3,1.2,..,..,..,..,..,..,..,..,..,..,..
"....Oriental Mindoro","03.1.3.1 - Other articles of clothing (SD)",0.2,0.2,..,..,..,..,..,..,..,..,..,..,..
"....Oriental Mindoro","03.1.3.2 - Clothing accessories (SD)",13.9,13.2,..,..,..,..,..,..,..,..,..,..,..
"....Oriental Mindoro","03.1.4 - Cleaning, repair, tailoring and hire of clothing (S)",8.8,7.9,..,..,..,..,..,..,..,..,..,..,..
"....Oriental Mindoro","03.1.4.1 - Cleaning of clothing (S)",9.5,8.5,..,..,..,..,..,..,..,..,..,..,..
"....Oriental Mindoro","03.1.4.2 - Repair, tailoring and hire of clothing (S)",5.2,4.7,..,..,..,..,..,..,..,..,..,..,..
"....Oriental Mindoro","03.2 - FOOTWEAR",5.5,4.9,..,..,..,..,..,..,..,..,..,..,..
"....Oriental Mindoro","03.2.1 - Shoes and other footwear (SD)",5.5,4.9,..,..,..,..,..,..,..,..,..,..,..
"....Oriental Mindoro","03.2.1.1 - Footwear for men (SD)",0.8,0.4,..,..,..,..,..,..,..,..,..,..,..
"....Oriental Mindoro","03.2.1.2 - Footwear for women (SD)",13.7,13.4,..,..,..,..,..,..,..,..,..,..,..
"....Oriental Mindoro","03.2.1.3 - Footwear for infants and children (SD)",4.1,3.0,..,..,..,..,..,..,..,..,..,..,..
"....Oriental Mindoro","03.2.2 - Cleaning, repair, and hire of footwear (S)",3.9,3.9,..,..,..,..,..,..,..,..,..,..,..
"....Oriental Mindoro","03.2.2.0 - Cleaning, repair, and hire of footwear (S)",3.9,3.9,..,..,..,..,..,..,..,..,..,..,..
"....Oriental Mindoro","04 - HOUSING, WATER, ELECTRICITY, GAS, AND OTHER FUELS",2.5,0.6,..,..,..,..,..,..,..,..,..,..,..
"....Oriental Mindoro","04.1 - ACTUAL RENTALS FOR HOUSING",2.8,2.8,..,..,..,..,..,..,..,..,..,..,..
"....Oriental Mindoro","04.1.1 - Actual rentals paid by tenants for main residence (S)",2.8,2.8,..,..,..,..,..,..,..,..,..,..,..
"....Oriental Mindoro","04.1.1.0 - Actual rentals paid by tenants for main residence (S)",2.8,2.8,..,..,..,..,..,..,..,..,..,..,..
"....Oriental Mindoro","04.3 - MAINTENANCE, REPAIR AND SECURITY OF THE DWELLING",-4.3,-4.3,..,..,..,..,..,..,..,..,..,..,..
"....Oriental Mindoro","04.3.1 - Security equipment and materials for the maintenance and repair of the dwelling (ND)",-5.6,-5.6,..,..,..,..,..,..,..,..,..,..,..
"....Oriental Mindoro","04.3.1.1 - Materials for the maintenance and repair of the dwelling (ND)",-5.6,-5.6,..,..,..,..,..,..,..,..,..,..,..
"....Oriental Mindoro","04.3.2 - Services for the maintenance, repair and security of the dwelling (S)",0.2,0.5,..,..,..,..,..,..,..,..,..,..,..
"....Oriental Mindoro","04.3.2.0 - Services for the maintenance, repair and security of the dwelling (S)",0.2,0.5,..,..,..,..,..,..,..,..,..,..,..
"....Oriental Mindoro","04.4 - WATER SUPPLY AND MISCELLANEOUS SERVICES RELATING TO THE DWELLING",0.0,0.3,..,..,..,..,..,..,..,..,..,..,..
"....Oriental Mindoro","04.4.1 - Water supply (ND)",0.0,0.3,..,..,..,..,..,..,..,..,..,..,..
"....Oriental Mindoro","04.4.1.1 - Water supply through network systems (ND)",0.0,0.3,..,..,..,..,..,..,..,..,..,..,..
"....Oriental Mindoro","04.5 - ELECTRICITY, GAS AND OTHER FUELS",3.0,-1.8,..,..,..,..,..,..,..,..,..,..,..
"....Oriental Mindoro","04.5.1 - Electricity (ND)",-8.5,-14.0,..,..,..,..,..,..,..,..,..,..,..
"....Oriental Mindoro","04.5.1.0 - Electricity (ND)",-8.4,-14.0,..,..,..,..,..,..,..,..,..,..,..
"....Oriental Mindoro","04.5.2 - Gas (ND)",7.9,-2.2,..,..,..,..,..,..,..,..,..,..,..
"....Oriental Mindoro","04.5.2.2 - Liquefied hydrocarbons (ND)",7.9,-2.3,..,..,..,..,..,..,..,..,..,..,..
"....Oriental Mindoro","04.5.3 - Liquid fuels (ND)",-6.5,-1.5,..,..,..,..,..,..,..,..,..,..,..
"....Oriental Mindoro","04.5.3.0 - Liquid fuels (ND)",-6.5,-1.5,..,..,..,..,..,..,..,..,..,..,..
"....Oriental Mindoro","04.5.4 - Solid fuels (ND)",28.8,25.6,..,..,..,..,..,..,..,..,..,..,..
"....Oriental Mindoro","04.5.4.2 - Wood fuel, including pellets and briquettes (ND)",..,..,..,..,..,..,..,..,..,..,..,..,..
"....Oriental Mindoro","04.5.4.3 - Charcoal (ND)",28.7,25.6,..,..,..,..,..,..,..,..,..,..,..
"....Oriental Mindoro","05 - FURNISHINGS, HOUSEHOLD EQUIPMENT AND ROUTINE HOUSEHOLD MAINTENANCE",6.2,5.3,..,..,..,..,..,..,..,..,..,..,..
"....Oriental Mindoro","05.1 - FURNITURE, FURNISHINGS, AND LOOSE CARPETS",1.2,1.5,..,..,..,..,..,..,..,..,..,..,..
"....Oriental Mindoro","05.1.1 - Furniture, furnishings and loose carpets (D)",1.2,1.5,..,..,..,..,..,..,..,..,..,..,..
"....Oriental Mindoro","05.1.1.1 - Household furniture (D)",1.1,1.4,..,..,..,..,..,..,..,..,..,..,..
"....Oriental Mindoro","05.1.1.3 - Lighting equipment (D)",..,..,..,..,..,..,..,..,..,..,..,..,..
"....Oriental Mindoro","05.1.1.4 - Furnishings, loose carpets and rugs (D)",1.9,1.9,..,..,..,..,..,..,..,..,..,..,..
"....Oriental Mindoro","05.2 - HOUSEHOLD TEXTILES",1.6,1.0,..,..,..,..,..,..,..,..,..,..,..
"....Oriental Mindoro","05.2.1 - Household textiles (SD)",1.6,1.0,..,..,..,..,..,..,..,..,..,..,..
"....Oriental Mindoro","05.2.1.1 - Furnishing fabrics and curtains (SD)",-0.7,-1.4,..,..,..,..,..,..,..,..,..,..,..
"....Oriental Mindoro","05.2.1.2 - Bed linen and bedding (SD)",2.2,1.8,..,..,..,..,..,..,..,..,..,..,..
"....Oriental Mindoro","05.2.1.3 - Table linen and bathroom linen (SD)",6.6,5.8,..,..,..,..,..,..,..,..,..,..,..
"....Oriental Mindoro","05.2.1.9 - Other household textiles (SD)",5.9,5.9,..,..,..,..,..,..,..,..,..,..,..
"....Oriental Mindoro","05.3 - HOUSEHOLD APPLIANCES",9.2,8.2,..,..,..,..,..,..,..,..,..,..,..
"....Oriental Mindoro","05.3.1 - Major household appliances, whether electric or not (D)",12.5,11.1,..,..,..,..,..,..,..,..,..,..,..
"....Oriental Mindoro","05.3.1.1 - Major kitchen appliances (D)",13.4,12.2,..,..,..,..,..,..,..,..,..,..,..
"....Oriental Mindoro","05.3.1.2 - Major laundry appliances (D)",-0.9,-0.9,..,..,..,..,..,..,..,..,..,..,..
"....Oriental Mindoro","05.3.1.3 - Heaters, air conditioners (D)",26.9,23.6,..,..,..,..,..,..,..,..,..,..,..
"....Oriental Mindoro","05.3.2 - Small household appliances (SD)",-3.0,-2.6,..,..,..,..,..,..,..,..,..,..,..
"....Oriental Mindoro","05.3.2.1 - Small appliances for cooking and processing of food (SD)",..,..,..,..,..,..,..,..,..,..,..,..,..
"....Oriental Mindoro","05.3.2.9 - Other small household appliances (SD)",-3.1,-2.6,..,..,..,..,..,..,..,..,..,..,..
"....Oriental Mindoro","05.3.3 - Repair, installation and hire of household appliances (S)",12.4,12.4,..,..,..,..,..,..,..,..,..,..,..
"....Oriental Mindoro","05.3.3.0 - Repair, installation and hire of household appliances (S)",12.4,12.4,..,..,..,..,..,..,..,..,..,..,..
"....Oriental Mindoro","05.4 - GLASSWARE, TABLEWARE AND HOUSEHOLD UTENSILS",0.4,-2.6,..,..,..,..,..,..,..,..,..,..,..
"....Oriental Mindoro","05.4.0 - Glassware, tableware and household utensils (SD)",0.4,-2.6,..,..,..,..,..,..,..,..,..,..,..
"....Oriental Mindoro","05.4.0.1 - Glassware, crystal-ware, ceramic ware and chinaware (SD)",1.2,-3.5,..,..,..,..,..,..,..,..,..,..,..
"....Oriental Mindoro","05.4.0.2 - Cutlery, flatware and silverware (SD)",1.5,1.5,..,..,..,..,..,..,..,..,..,..,..
"....Oriental Mindoro","05.4.0.3 - Kitchen utensils and articles (SD)",-1.8,-2.8,..,..,..,..,..,..,..,..,..,..,..
"....Oriental Mindoro","05.5 - TOOLS AND EQUIPMENT FOR HOUSE AND GARDEN",4.2,3.6,..,..,..,..,..,..,..,..,..,..,..
"....Oriental Mindoro","05.5.1 - Motorized tools and equipment (D)",..,..,..,..,..,..,..,..,..,..,..,..,..
"....Oriental Mindoro","05.5.1.0 - Motorized tools and equipment (D)",..,..,..,..,..,..,..,..,..,..,..,..,..
"....Oriental Mindoro","05.5.2 - Non-motorized tools and miscellaneous accessories (SD)",4.2,3.6,..,..,..,..,..,..,..,..,..,..,..
"....Oriental Mindoro","05.5.2.1 - Non-motorized tools (SD)",2.1,1.3,..,..,..,..,..,..,..,..,..,..,..
"....Oriental Mindoro","05.5.2.2 - Miscellaneous accessories (SD)",5.2,4.8,..,..,..,..,..,..,..,..,..,..,..
"....Oriental Mindoro","05.6 - GOODS AND SERVICES FOR ROUTINE HOUSEHOLD MAINTENANCE",6.5,5.4,..,..,..,..,..,..,..,..,..,..,..
"....Oriental Mindoro","05.6.1 - Non-durable household goods (ND)",6.5,5.4,..,..,..,..,..,..,..,..,..,..,..
"....Oriental Mindoro","05.6.1.1 - Household cleaning and maintenance products (ND)",5.1,4.7,..,..,..,..,..,..,..,..,..,..,..
"....Oriental Mindoro","05.6.1.9 - Other non-durable household goods (ND)",7.4,5.9,..,..,..,..,..,..,..,..,..,..,..
"....Oriental Mindoro","05.6.2 - Domestic services and household services (S)",..,..,..,..,..,..,..,..,..,..,..,..,..
"....Oriental Mindoro","05.6.2.1 - Domestic services by paid staff (S)",..,..,..,..,..,..,..,..,..,..,..,..,..
"....Oriental Mindoro","06 - HEALTH",6.5,5.1,..,..,..,..,..,..,..,..,..,..,..
"....Oriental Mindoro","06.1 - MEDICINES AND HEALTH PRODUCTS",2.6,2.3,..,..,..,..,..,..,..,..,..,..,..
"....Oriental Mindoro","06.1.1 - Medicines (ND)",3.4,3.0,..,..,..,..,..,..,..,..,..,..,..
"....Oriental Mindoro","06.1.1.1 - Medicines, vaccines and other pharmaceutical preparations (ND)",3.4,3.0,..,..,..,..,..,..,..,..,..,..,..
"....Oriental Mindoro","06.1.2 - Medical products (ND)",1.4,0.4,..,..,..,..,..,..,..,..,..,..,..
"....Oriental Mindoro","06.1.2.1 - Medical diagnostic products (ND)",1.7,-1.7,..,..,..,..,..,..,..,..,..,..,..
"....Oriental Mindoro","06.1.2.2 - Prevention and protective devices (ND)",-9.7,-9.7,..,..,..,..,..,..,..,..,..,..,..
"....Oriental Mindoro","06.1.2.3 - Treatment devices for personal use (ND)",12.2,12.2,..,..,..,..,..,..,..,..,..,..,..
"....Oriental Mindoro","06.1.3 - Assistive products (D)",-5.3,-5.3,..,..,..,..,..,..,..,..,..,..,..
"....Oriental Mindoro","06.1.3.1 - Assistive products for vision (D)",-5.3,-5.3,..,..,..,..,..,..,..,..,..,..,..
"....Oriental Mindoro","06.2 - OUTPATIENT CARE SERVICES",7.2,3.5,..,..,..,..,..,..,..,..,..,..,..
"....Oriental Mindoro","06.2.1 - Preventive care services (S)",9.0,4.3,..,..,..,..,..,..,..,..,..,..,..
"....Oriental Mindoro","06.2.1.9 - Other preventive services (S)",8.9,4.3,..,..,..,..,..,..,..,..,..,..,..
"....Oriental Mindoro","06.2.2 - Outpatient dental services (S)",0.7,0.7,..,..,..,..,..,..,..,..,..,..,..
"....Oriental Mindoro","06.2.2.1 - Dental preventive services (S)",0.7,0.7,..,..,..,..,..,..,..,..,..,..,..
"....Oriental Mindoro","06.2.3 - Other outpatient care services (S)",..,..,..,..,..,..,..,..,..,..,..,..,..
"....Oriental Mindoro","06.2.3.1 - Outpatient curative and rehabilitative services (S)",..,..,..,..,..,..,..,..,..,..,..,..,..
"....Oriental Mindoro","06.3 - INPATIENT CARE SERVICES",10.8,9.3,..,..,..,..,..,..,..,..,..,..,..
"....Oriental Mindoro","06.3.1 - Inpatient curative and rehabilitative services (S)",10.8,9.3,..,..,..,..,..,..,..,..,..,..,..
"....Oriental Mindoro","06.3.1.0 - Inpatient curative and rehabilitative services (S)",10.8,9.3,..,..,..,..,..,..,..,..,..,..,..
"....Oriental Mindoro","06.4 - OTHER HEALTH SERVICES",8.7,6.5,..,..,..,..,..,..,..,..,..,..,..
"....Oriental Mindoro","06.4.1 - Diagnostic imaging services and medical laboratory services (S)",8.7,6.5,..,..,..,..,..,..,..,..,..,..,..
"....Oriental Mindoro","06.4.1.0 - Diagnostic imaging services and medical laboratory services (S)",8.7,6.5,..,..,..,..,..,..,..,..,..,..,..
"....Oriental Mindoro","07 - TRANSPORT",-4.4,-2.8,..,..,..,..,..,..,..,..,..,..,..
"....Oriental Mindoro","07.1 - PURCHASE OF VEHICLES",5.1,3.3,..,..,..,..,..,..,..,..,..,..,..
"....Oriental Mindoro","07.1.1 - Motor cars (D)",0.0,0.0,..,..,..,..,..,..,..,..,..,..,..
"....Oriental Mindoro","07.1.1.1 - New motor cars (D)",0.0,0.0,..,..,..,..,..,..,..,..,..,..,..
"....Oriental Mindoro","07.1.2 - Motorcycles (D)",8.3,5.3,..,..,..,..,..,..,..,..,..,..,..
"....Oriental Mindoro","07.1.2.0 - Motorcycles (D)",8.4,5.4,..,..,..,..,..,..,..,..,..,..,..
"....Oriental Mindoro","07.1.3 - Bicycles (D)",0.9,0.6,..,..,..,..,..,..,..,..,..,..,..
"....Oriental Mindoro","07.1.3.0 - Bicycles (D)",0.9,0.6,..,..,..,..,..,..,..,..,..,..,..
"....Oriental Mindoro","07.2 - OPERATION OF PERSONAL TRANSPORT EQUIPMENT",-11.4,-5.7,..,..,..,..,..,..,..,..,..,..,..
"....Oriental Mindoro","07.2.1 - Parts and accessories for personal transport equipment (SD)",3.0,2.1,..,..,..,..,..,..,..,..,..,..,..
"....Oriental Mindoro","07.2.1.1 - Tires (SD)",..,..,..,..,..,..,..,..,..,..,..,..,..
"....Oriental Mindoro","07.2.1.2 - Parts for personal transport equipment (SD)",3.0,2.2,..,..,..,..,..,..,..,..,..,..,..
"....Oriental Mindoro","07.2.1.3 - Accessories for personal transport equipment (SD)",..,..,..,..,..,..,..,..,..,..,..,..,..
"....Oriental Mindoro","07.2.2 - Fuels and lubricants for personal transport equipment (ND)",-14.9,-7.7,..,..,..,..,..,..,..,..,..,..,..
"....Oriental Mindoro","07.2.2.1 - Diesel (ND)",-17.4,-7.4,..,..,..,..,..,..,..,..,..,..,..
"....Oriental Mindoro","07.2.2.2 - Gasoline (ND)",-14.4,-7.9,..,..,..,..,..,..,..,..,..,..,..
"....Oriental Mindoro","07.2.2.3 - Other fuels for personal transport equipment (ND)",..,..,..,..,..,..,..,..,..,..,..,..,..
"....Oriental Mindoro","07.2.2.4 - Lubricants (ND)",4.8,3.8,..,..,..,..,..,..,..,..,..,..,..
"....Oriental Mindoro","07.2.3 - Maintenance and repair of personal transport equipment (S)",-2.0,-0.5,..,..,..,..,..,..,..,..,..,..,..
"....Oriental Mindoro","07.2.3.0 - Maintenance and repair of personal transport equipment (S)",-1.9,-0.5,..,..,..,..,..,..,..,..,..,..,..
"....Oriental Mindoro","07.2.4 - Other services in respect of personal transport equipment (S)",16.0,16.0,..,..,..,..,..,..,..,..,..,..,..
"....Oriental Mindoro","07.2.4.2 - Toll facilities (S)",16.0,16.0,..,..,..,..,..,..,..,..,..,..,..
"....Oriental Mindoro","07.2.4.3 - Driving lessons, tests, licences, and road worthiness tests (S)",..,..,..,..,..,..,..,..,..,..,..,..,..
"....Oriental Mindoro","07.3 - PASSENGER TRANSPORT SERVICES",-0.7,-2.0,..,..,..,..,..,..,..,..,..,..,..
"....Oriental Mindoro","07.3.1 - Passenger transport by railway (S)",..,..,..,..,..,..,..,..,..,..,..,..,..
"....Oriental Mindoro","07.3.1.1 - Passenger transport by train (S)",..,..,..,..,..,..,..,..,..,..,..,..,..
"....Oriental Mindoro","07.3.1.2 - Passenger transport by rapid transit and tram (S)",..,..,..,..,..,..,..,..,..,..,..,..,..
"....Oriental Mindoro","07.3.2 - Passenger transport by road (S)",-0.7,-2.0,..,..,..,..,..,..,..,..,..,..,..
"....Oriental Mindoro","07.3.2.1 - Passenger transport by bus and coach (S)",..,..,..,..,..,..,..,..,..,..,..,..,..
"....Oriental Mindoro","07.3.2.2 - Passenger transport by taxi and hired car with driver (S)",0.0,0.0,..,..,..,..,..,..,..,..,..,..,..
"....Oriental Mindoro","07.3.2.9 - Other passenger transport by road (S)",-0.7,-2.0,..,..,..,..,..,..,..,..,..,..,..
"....Oriental Mindoro","07.3.3 - Passenger transport by air (S)",2.6,3.5,..,..,..,..,..,..,..,..,..,..,..
"....Oriental Mindoro","07.3.3.1 - Passenger transport by air, domestic (S)",2.5,3.5,..,..,..,..,..,..,..,..,..,..,..
"....Oriental Mindoro","07.3.4 - Passenger transport by sea and inland waterway (S)",..,..,..,..,..,..,..,..,..,..,..,..,..
"....Oriental Mindoro","07.3.4.0 - Passenger transport by sea and inland waterway (S)",..,..,..,..,..,..,..,..,..,..,..,..,..
"....Oriental Mindoro","07.4 - TRANSPORT SERVICES OF GOODS",0.0,0.0,..,..,..,..,..,..,..,..,..,..,..
"....Oriental Mindoro","07.4.1 - Postal and courier services (S)",0.0,0.0,..,..,..,..,..,..,..,..,..,..,..
"....Oriental Mindoro","07.4.1.1 - Letter handling services (S)",0.0,0.0,..,..,..,..,..,..,..,..,..,..,..
"....Oriental Mindoro","07.4.1.2 - Courier and parcel delivery services (S)",0.0,0.0,..,..,..,..,..,..,..,..,..,..,..
"....Oriental Mindoro","08 - INFORMATION AND COMMUNICATION",-0.1,-0.5,..,..,..,..,..,..,..,..,..,..,..
"....Oriental Mindoro","08.1 - INFORMATION AND COMMUNICATION EQUIPMENT",-0.1,-1.2,..,..,..,..,..,..,..,..,..,..,..
"....Oriental Mindoro","08.1.1 - Fixed telephone equipment (D)",..,..,..,..,..,..,..,..,..,..,..,..,..
"....Oriental Mindoro","08.1.1.0 - Fixed telephone equipment (D)",..,..,..,..,..,..,..,..,..,..,..,..,..
"....Oriental Mindoro","08.1.2 - Mobile telephone equipment (D)",1.4,0.2,..,..,..,..,..,..,..,..,..,..,..
"....Oriental Mindoro","08.1.2.0 - Mobile telephone equipment (D)",1.3,0.1,..,..,..,..,..,..,..,..,..,..,..
"....Oriental Mindoro","08.1.3 - Information processing equipment (D)",-1.3,-2.6,..,..,..,..,..,..,..,..,..,..,..
"....Oriental Mindoro","08.1.3.1 - Computers, laptops and tablets (D)",-1.6,-2.7,..,..,..,..,..,..,..,..,..,..,..
"....Oriental Mindoro","08.1.3.2 - Peripheral equipment and its consumable components (D)",12.9,4.5,..,..,..,..,..,..,..,..,..,..,..
"....Oriental Mindoro","08.1.4 - Equipment for the reception, recording and reproduction of sound and vision (D)",..,..,..,..,..,..,..,..,..,..,..,..,..
"....Oriental Mindoro","08.1.4.0 - Equipment for the reception, recording and reproduction of sound and vision (D)",..,..,..,..,..,..,..,..,..,..,..,..,..
"....Oriental Mindoro","08.1.5 - Unrecorded recording media (SD)",4.3,3.2,..,..,..,..,..,..,..,..,..,..,..
"....Oriental Mindoro","08.1.5.0 - Unrecorded recording media (SD)",4.3,3.2,..,..,..,..,..,..,..,..,..,..,..
"....Oriental Mindoro","08.3 - INFORMATION AND COMMUNICATION SERVICES",-0.2,-0.2,..,..,..,..,..,..,..,..,..,..,..
"....Oriental Mindoro","08.3.1 - Fixed communication services (S)",49.8,49.8,..,..,..,..,..,..,..,..,..,..,..
"....Oriental Mindoro","08.3.1.0 - Fixed communication services (S)",49.8,49.8,..,..,..,..,..,..,..,..,..,..,..
"....Oriental Mindoro","08.3.2 - Mobile communication services (S)",-0.8,-0.8,..,..,..,..,..,..,..,..,..,..,..
"....Oriental Mindoro","08.3.2.0 - Mobile communication services (S)",-0.7,-0.7,..,..,..,..,..,..,..,..,..,..,..
"....Oriental Mindoro","08.3.3 - Internet access provision services and net storage services (S)",0.0,0.0,..,..,..,..,..,..,..,..,..,..,..
"....Oriental Mindoro","08.3.3.0 - Internet access provision services and net storage services (S)",0.0,0.0,..,..,..,..,..,..,..,..,..,..,..
"....Oriental Mindoro","08.3.5 - Repair and rental of information and communication equipment (S)",..,..,..,..,..,..,..,..,..,..,..,..,..
"....Oriental Mindoro","08.3.5.0 - Repair and rental of information and communication equipment (S)",..,..,..,..,..,..,..,..,..,..,..,..,..
"....Oriental Mindoro","09 - RECREATION, SPORT AND CULTURE",3.4,3.1,..,..,..,..,..,..,..,..,..,..,..
"....Oriental Mindoro","09.1 - RECREATIONAL DURABLES",..,..,..,..,..,..,..,..,..,..,..,..,..
"....Oriental Mindoro","09.1.1 - Photographic and cinematographic equipment and optical instruments (D)",..,..,..,..,..,..,..,..,..,..,..,..,..
"....Oriental Mindoro","09.1.1.1 - Cameras (D)",..,..,..,..,..,..,..,..,..,..,..,..,..
"....Oriental Mindoro","09.2 - OTHER RECREATIONAL GOODS",2.0,1.2,..,..,..,..,..,..,..,..,..,..,..
"....Oriental Mindoro","09.2.1 - Games, toys and hobbies (SD)",2.0,1.2,..,..,..,..,..,..,..,..,..,..,..
"....Oriental Mindoro","09.2.1.2 - Other games, toys and hobbies (SD)",2.0,1.2,..,..,..,..,..,..,..,..,..,..,..
"....Oriental Mindoro","09.2.2 - Equipment for sport, camping and open-air recreation (SD)",..,..,..,..,..,..,..,..,..,..,..,..,..
"....Oriental Mindoro","09.2.2.1 - Equipment for sport (SD)",..,..,..,..,..,..,..,..,..,..,..,..,..
"....Oriental Mindoro","09.2.2.2 - Equipment for camping and open-air recreation (SD)",..,..,..,..,..,..,..,..,..,..,..,..,..
"....Oriental Mindoro","09.3 - GARDEN PRODUCTS AND PETS",3.2,2.4,..,..,..,..,..,..,..,..,..,..,..
"....Oriental Mindoro","09.3.1 - Garden products, plants and flowers (ND)",-2.6,-0.9,..,..,..,..,..,..,..,..,..,..,..
"....Oriental Mindoro","09.3.1.1 - Garden products (ND)",-6.4,-7.2,..,..,..,..,..,..,..,..,..,..,..
"....Oriental Mindoro","09.3.1.2 - Plants, seeds and flowers (ND)",1.3,4.7,..,..,..,..,..,..,..,..,..,..,..
"....Oriental Mindoro","09.3.2 - Pets and products for pets (ND)",5.8,3.9,..,..,..,..,..,..,..,..,..,..,..
"....Oriental Mindoro","09.3.2.2 - Products for pets and other household animals (ND)",5.7,3.9,..,..,..,..,..,..,..,..,..,..,..
"....Oriental Mindoro","09.4 - RECREATIONAL SERVICES",0.0,0.0,..,..,..,..,..,..,..,..,..,..,..
"....Oriental Mindoro","09.4.6 - Recreational and sporting services (S)",4.4,4.4,..,..,..,..,..,..,..,..,..,..,..
"....Oriental Mindoro","09.4.6.2 - Sporting services - practice (S)",4.4,4.4,..,..,..,..,..,..,..,..,..,..,..
"....Oriental Mindoro","09.4.7 - Games of chance (S)",0.0,0.0,..,..,..,..,..,..,..,..,..,..,..
"....Oriental Mindoro","09.4.7.0 - Games of chance (S)",0.0,0.0,..,..,..,..,..,..,..,..,..,..,..
"....Oriental Mindoro","09.5 - CULTURAL GOODS",-18.7,-18.7,..,..,..,..,..,..,..,..,..,..,..
"....Oriental Mindoro","09.5.1 - Musical instruments (D)",-18.7,-18.7,..,..,..,..,..,..,..,..,..,..,..
"....Oriental Mindoro","09.5.1.0 - Musical instruments (D)",-18.7,-18.7,..,..,..,..,..,..,..,..,..,..,..
"....Oriental Mindoro","09.6 - CULTURAL SERVICES",1.8,1.4,..,..,..,..,..,..,..,..,..,..,..
"....Oriental Mindoro","09.6.1 - Services provided by cinemas, theatres and concert venues (S)",0.0,0.0,..,..,..,..,..,..,..,..,..,..,..
"....Oriental Mindoro","09.6.1.0 - Services provided by cinemas, theatres and concert venues (S)",0.0,0.0,..,..,..,..,..,..,..,..,..,..,..
"....Oriental Mindoro","09.6.3 - Photographic services (S)",..,..,..,..,..,..,..,..,..,..,..,..,..
"....Oriental Mindoro","09.6.3.0 - Photographic services (S)",..,..,..,..,..,..,..,..,..,..,..,..,..
"....Oriental Mindoro","09.6.9 - Other cultural services (S)",3.5,2.8,..,..,..,..,..,..,..,..,..,..,..
"....Oriental Mindoro","09.6.9.0 - Other cultural services (S)",3.5,2.9,..,..,..,..,..,..,..,..,..,..,..
"....Oriental Mindoro","09.7 - NEWSPAPERS, BOOKS AND STATIONERY",9.5,9.1,..,..,..,..,..,..,..,..,..,..,..
"....Oriental Mindoro","09.7.1 - Books (SD)",0.5,-1.3,..,..,..,..,..,..,..,..,..,..,..
"....Oriental Mindoro","09.7.1.1 - Educational and textbooks in printed or electronic copy (SD)",0.5,-1.2,..,..,..,..,..,..,..,..,..,..,..
"....Oriental Mindoro","09.7.1.9 - Other books (SD) in printed or electronic copy",..,..,..,..,..,..,..,..,..,..,..,..,..
"....Oriental Mindoro","09.7.2 - Newspapers and periodicals (ND)",-1.5,0.0,..,..,..,..,..,..,..,..,..,..,..
"....Oriental Mindoro","09.7.2.1 - Newspapers (ND)",-1.5,0.0,..,..,..,..,..,..,..,..,..,..,..
"....Oriental Mindoro","09.7.2.2 - Magazines and periodicals (ND)",..,..,..,..,..,..,..,..,..,..,..,..,..
"....Oriental Mindoro","09.7.4 - Stationery and drawing materials (ND)",10.6,10.4,..,..,..,..,..,..,..,..,..,..,..
"....Oriental Mindoro","09.7.4.0 - Stationery and drawing materials (ND)",10.6,10.5,..,..,..,..,..,..,..,..,..,..,..
"....Oriental Mindoro","09.8 - PACKAGE HOLIDAYS (S)",0.0,0.0,..,..,..,..,..,..,..,..,..,..,..
"....Oriental Mindoro","09.8.0 - Package holidays (S)",0.0,0.0,..,..,..,..,..,..,..,..,..,..,..
"....Oriental Mindoro","09.8.0.0 - Package holidays (S)",0.0,0.0,..,..,..,..,..,..,..,..,..,..,..
"....Oriental Mindoro","10 - EDUCATION SERVICES",3.0,3.0,..,..,..,..,..,..,..,..,..,..,..
"....Oriental Mindoro","10.1 - EARLY CHILDHOOD AND PRIMARY EDUCATION",7.9,7.9,..,..,..,..,..,..,..,..,..,..,..
"....Oriental Mindoro","10.1.0 - Early chilhood and primary education (S)",7.9,7.9,..,..,..,..,..,..,..,..,..,..,..
"....Oriental Mindoro","10.1.0.1 - Early childhood education services (S)",1.8,1.8,..,..,..,..,..,..,..,..,..,..,..
"....Oriental Mindoro","10.1.0.2 - Primary education (S)",9.8,9.8,..,..,..,..,..,..,..,..,..,..,..
"....Oriental Mindoro","10.2 - SECONDARY EDUCATION  (S)",2.3,2.3,..,..,..,..,..,..,..,..,..,..,..
"....Oriental Mindoro","10.2.0 - Secondary education (S)",2.3,2.3,..,..,..,..,..,..,..,..,..,..,..
"....Oriental Mindoro","10.2.0.1 - Lower secondary general education services",2.3,2.3,..,..,..,..,..,..,..,..,..,..,..
"....Oriental Mindoro","10.2.0.2 - Lower secondary technical-vocational livelihood programs services",..,..,..,..,..,..,..,..,..,..,..,..,..
"....Oriental Mindoro","10.4 - TERTIARY EDUCATION (S)",1.9,1.9,..,..,..,..,..,..,..,..,..,..,..
"....Oriental Mindoro","10.4.0 - Tertiary education (s)",1.9,1.9,..,..,..,..,..,..,..,..,..,..,..
"....Oriental Mindoro","10.4.0.0 - Tertiary education (s)",1.9,1.9,..,..,..,..,..,..,..,..,..,..,..
"....Oriental Mindoro","10.5 - EDUCATION NOT DEFINED BY LEVEL (S)",..,..,..,..,..,..,..,..,..,..,..,..,..
"....Oriental Mindoro","10.5.0 - Education not defined by level (s)",..,..,..,..,..,..,..,..,..,..,..,..,..
"....Oriental Mindoro","10.5.0.2 - Review classes for professional and licensure examination (S)",..,..,..,..,..,..,..,..,..,..,..,..,..
"....Oriental Mindoro","10.5.0.9 - Other education not defined by level (S)",..,..,..,..,..,..,..,..,..,..,..,..,..
"....Oriental Mindoro","11 - RESTAURANTS AND ACCOMMODATION SERVICES",10.1,9.1,..,..,..,..,..,..,..,..,..,..,..
"....Oriental Mindoro","11.1 - FOOD AND BEVERAGE SERVING SERVICES",10.1,9.1,..,..,..,..,..,..,..,..,..,..,..
"....Oriental Mindoro","11.1.1 - Restaurants, café and the like (S)",10.1,9.1,..,..,..,..,..,..,..,..,..,..,..
"....Oriental Mindoro","11.1.1.1 - Restaurants, café and the like - with full service (S)",10.0,9.1,..,..,..,..,..,..,..,..,..,..,..
"....Oriental Mindoro","11.2 - ACCOMMODATION SERVICES",..,..,..,..,..,..,..,..,..,..,..,..,..
"....Oriental Mindoro","11.2.0 - Accommodation services (S)",..,..,..,..,..,..,..,..,..,..,..,..,..
"....Oriental Mindoro","11.2.0.1 - Hotels, motels, inns and similar accommodation services (S)",..,..,..,..,..,..,..,..,..,..,..,..,..
"....Oriental Mindoro","12 - FINANCIAL SERVICES",-0.1,-0.1,..,..,..,..,..,..,..,..,..,..,..
"....Oriental Mindoro","12.2 - FINANCIAL SERVICES",-0.1,-0.1,..,..,..,..,..,..,..,..,..,..,..
"....Oriental Mindoro","12.2.1 - Financial intermediation services indirectly measured (S)",0.0,0.0,..,..,..,..,..,..,..,..,..,..,..
"....Oriental Mindoro","12.2.1.0 - Financial intermediation services indirectly measured (S)",0.0,0.0,..,..,..,..,..,..,..,..,..,..,..
"....Oriental Mindoro","12.2.9 - Other financial services (S)",-11.1,-11.1,..,..,..,..,..,..,..,..,..,..,..
"....Oriental Mindoro","12.2.9.1 - Remittances fees (S)",-11.1,-11.1,..,..,..,..,..,..,..,..,..,..,..
"....Oriental Mindoro","13 - PERSONAL CARE, AND MISCELLANEOUS GOODS AND SERVICES",3.4,3.3,..,..,..,..,..,..,..,..,..,..,..
"....Oriental Mindoro","13.1 - PERSONAL CARE",4.3,4.3,..,..,..,..,..,..,..,..,..,..,..
"....Oriental Mindoro","13.1.1 - Electric appliances for personal care (SD)",..,..,..,..,..,..,..,..,..,..,..,..,..
"....Oriental Mindoro","13.1.1.1 - Electric appliances for personal care (SD)",..,..,..,..,..,..,..,..,..,..,..,..,..
"....Oriental Mindoro","13.1.2 - Other appliances, articles and products for personal care (ND)",3.5,3.5,..,..,..,..,..,..,..,..,..,..,..
"....Oriental Mindoro","13.1.2.0 - Other appliances, articles and products for personal care (ND)",3.5,3.5,..,..,..,..,..,..,..,..,..,..,..
"....Oriental Mindoro","13.1.3 - Hairdressing salons and personal grooming establishments (S)",9.2,8.9,..,..,..,..,..,..,..,..,..,..,..
"....Oriental Mindoro","13.1.3.1 - Hairdressing (S)",13.1,12.4,..,..,..,..,..,..,..,..,..,..,..
"....Oriental Mindoro","13.1.3.2 - Personal grooming treatments (S)",5.6,5.6,..,..,..,..,..,..,..,..,..,..,..
"....Oriental Mindoro","13.2 - OTHER PERSONAL EFFECTS",-2.1,-2.8,..,..,..,..,..,..,..,..,..,..,..
"....Oriental Mindoro","13.2.1 - Jewellery and watches (D)",3.3,-0.3,..,..,..,..,..,..,..,..,..,..,..
"....Oriental Mindoro","13.2.1.1 - Jewellery and watches (D)",9.0,9.0,..,..,..,..,..,..,..,..,..,..,..
"....Oriental Mindoro","13.2.1.2 - Repair and hire of jewellery, clocks and watches (S)",-5.5,-14.5,..,..,..,..,..,..,..,..,..,..,..
"....Oriental Mindoro","13.2.9 - Other personal effects n.e.c. (SD)",-3.0,-3.2,..,..,..,..,..,..,..,..,..,..,..
"....Oriental Mindoro","13.2.9.1 - Travel goods and articles for babies and other personal effects n.e.c. (SD)",-3.0,-3.2,..,..,..,..,..,..,..,..,..,..,..
"....Oriental Mindoro","13.9 - OTHER SERVICES",1.2,1.2,..,..,..,..,..,..,..,..,..,..,..
"....Oriental Mindoro","13.9.0 - Other services (S)",1.2,1.2,..,..,..,..,..,..,..,..,..,..,..
"....Oriental Mindoro","13.9.0.9 - Other services n.e.c. (S)",1.3,1.3,..,..,..,..,..,..,..,..,..,..,..
